{"stats":{"minecraft:crafted":{"minecraft:furnace":2,"minecraft:cooked_mutton":13,"minecraft:iron_boots":1,"minecraft:stone_pickaxe":1,"minecraft:cooked_beef":4,"minecraft:cooked_porkchop":1,"minecraft:wooden_pickaxe":1,"minecraft:baked_potato":5,"minecraft:iron_helmet":1,"scalinghealth:heart_crystal":1,"minecraft:stone_axe":1,"minecraft:air":126,"minecraft:iron_chestplate":1,"minecraft:shield":1,"minecraft:iron_pickaxe":1,"minecraft:iron_ingot":43,"minecraft:stone_sword":1,"minecraft:iron_leggings":1},"minecraft:dropped":{"minecraft:wheat_seeds":35,"minecraft:lapis_lazuli":26,"minecraft:cobblestone":53,"byg:ebony_planks":4,"upgradednetherite:corrupt_upgraded_netherite_shield":3,"scalinghealth:heart_crystal":256,"advancednetherite:netherite_diamond_leggings":1,"realistictorches:unlit_torch":1,"minecraft:string":2,"minecraft:dandelion":1,"alexsmobs:maggot":1,"minecraft:rotten_flesh":6,"minecraft:enchanted_golden_apple":64,"advancednetherite:netherite_diamond_boots":1,"advancednetherite:netherite_diamond_helmet":1,"advancednetherite:netherite_diamond_chestplate":1,"minecraft:beetroot_seeds":4,"advancednetherite:netherite_diamond_sword":2,"minecraft:spider_eye":2,"minecraft:arrow":4,"minecraft:wooden_pickaxe":1},"minecraft:picked_up":{"advancednetherite:netherite_diamond_sword":1,"minecraft:crafting_table":1,"minecraft:iron_chestplate":3,"minecraft:coarse_dirt":10,"minecraft:wheat":68,"byg:soapstone":10,"minecraft:wooden_pickaxe":3,"minecraft:shield":2,"minecraft:string":4,"antiqueatlas:antique_atlas":2,"minecraft:iron_leggings":2,"minecraft:bucket":1,"minecraft:beef":8,"scalinghealth:chance_heart":4,"minecraft:iron_pickaxe":3,"minecraft:enchanted_golden_apple":55,"minecraft:sugar_cane":2,"minecraft:iron_boots":2,"minecraft:egg":1,"antiqueatlas:empty_antique_atlas":1,"minecraft:stick":9,"minecraft:porkchop":6,"minecraft:diorite":6,"minecraft:carrot":38,"minecraft:redstone":135,"minecraft:dark_oak_planks":19,"minecraft:stone_sword":2,"minecraft:arrow":12,"minecraft:rotten_flesh":16,"minecraft:beetroot_seeds":4,"minecraft:hay_block":9,"realistictorches:lit_torch":92,"minecraft:iron_bars":9,"minecraft:mutton":10,"minecraft:white_wool":22,"minecraft:cobblestone":221,"minecraft:cooked_beef":4,"minecraft:andesite":2,"cataclysm:ignitium_ingot":6,"minecraft:leather":4,"minecraft:potato":26,"minecraft:oak_log":2,"scalinghealth:bandages":9,"minecraft:yellow_bed":3,"minecraft:gunpowder":7,"cataclysm:gauntlet_of_guard":3,"scalinghealth:heart_crystal":142,"minecraft:dirt":40,"minecraft:lapis_lazuli":104,"minecraft:cooked_mutton":1,"minecraft:bone":41,"minecraft:apple":10,"byg:ebony_log":1,"minecraft:bow":1,"minecraft:wheat_seeds":139,"minecraft:stone_pickaxe":2,"minecraft:iron_ingot":44,"minecraft:iron_ore":57,"minecraft:oak_planks":7,"minecraft:iron_sword":1,"scalinghealth:heart_crystal_shard":44,"minecraft:cooked_porkchop":1,"savageandravage:creeper_spores":1,"minecraft:dandelion":1,"minecraft:white_bed":3,"minecraft:gold_ore":24,"minecraft:dark_oak_log":22,"minecraft:spider_eye":4,"alexsmobs:animal_dictionary":3,"upgradednetherite:corrupt_upgraded_netherite_shield":3,"minecraft:stone_axe":3,"realistictorches:unlit_torch":1,"minecraft:iron_helmet":2,"minecraft:crossbow":2,"minecraft:granite":33,"minecraft:bread":4,"alexsmobs:maggot":1,"minecraft:baked_potato":10,"minecraft:coal":296,"minecraft:ender_pearl":4},"minecraft:used":{"advancednetherite:netherite_diamond_sword":90,"minecraft:stone_sword":106,"minecraft:shield":35,"minecraft:iron_sword":71,"upgradednetherite:corrupt_upgraded_netherite_shield":1,"minecraft:dirt":1,"scalinghealth:heart_crystal":262,"minecraft:milk_bucket":1,"minecraft:dark_oak_planks":39,"third_life_plus:reviver_0":5,"minecraft:furnace":2,"minecraft:egg":1,"minecraft:cooked_beef":4,"minecraft:enchanted_golden_apple":30,"minecraft:cooked_mutton":12,"minecraft:stone_pickaxe":20,"minecraft:baked_potato":9,"minecraft:oak_planks":1,"savageandravage:creeper_spores":1,"minecraft:wooden_pickaxe":6,"minecraft:sugar_cane":2,"minecraft:gold_ore":12,"minecraft:white_wool":2,"minecraft:crafting_table":2,"scalinghealth:cursed_heart":403,"minecraft:crossbow":1,"minecraft:white_bed":3,"savageandravage:cleaver_of_beheading":2,"minecraft:iron_pickaxe":180,"minecraft:stone_axe":30,"minecraft:cobblestone":20,"minecraft:cooked_porkchop":1,"minecraft:yellow_bed":1},"minecraft:mined":{"minecraft:dark_oak_planks":7,"minecraft:white_bed":2,"minecraft:dark_oak_log":16,"minecraft:granite":7,"minecraft:hay_block":7,"minecraft:redstone_ore":10,"minecraft:carrots":12,"minecraft:iron_ore":44,"minecraft:fire":7,"minecraft:andesite":1,"minecraft:potatoes":6,"minecraft:stone":63,"minecraft:white_wool":1,"scalinghealth:heart_crystal_ore":2,"minecraft:crafting_table":1,"minecraft:cobblestone":8,"minecraft:tall_grass":1,"minecraft:lapis_ore":5,"minecraft:sugar_cane":2,"minecraft:oak_planks":1,"byg:soapstone":2,"minecraft:wheat":24,"minecraft:yellow_bed":1,"minecraft:grass":22,"minecraft:coal_ore":51,"minecraft:beetroots":3,"minecraft:dirt":1,"minecraft:gold_ore":11},"minecraft:custom":{"lootr:looted_stat":1,"minecraft:mob_kills":111,"minecraft:animals_bred":3,"minecraft:interact_with_crafting_table":14,"minecraft:damage_dealt_resisted":1440,"minecraft:time_since_death":23866,"minecraft:damage_resisted":7376,"minecraft:sprint_one_cm":192994,"minecraft:walk_one_cm":271040,"minecraft:damage_blocked_by_shield":6372,"minecraft:drop":28,"minecraft:talked_to_villager":3,"minecraft:deaths":4,"minecraft:sneak_time":1826,"minecraft:walk_under_water_one_cm":305,"minecraft:jump":1688,"minecraft:walk_on_water_one_cm":6253,"minecraft:interact_with_furnace":41,"minecraft:play_one_minute":170595,"minecraft:sleep_in_bed":4,"minecraft:time_since_rest":23932,"minecraft:waystone_activated":4,"minecraft:damage_taken":22581,"minecraft:damage_absorbed":14590,"minecraft:damage_dealt":41387,"minecraft:swim_one_cm":184,"minecraft:fly_one_cm":619219,"minecraft:crouch_one_cm":3225,"minecraft:fall_one_cm":48701},"minecraft:killed":{"hordes:zombie_player":5,"alexsmobs:raccoon":1,"minecraft:endermite":38,"minecraft:spider":2,"minecraft:skeleton":12,"minecraft:pig":2,"minecraft:ender_dragon":1,"minecraft:sheep":6,"cataclysm:ender_guardian":1,"minecraft:zombie":6,"alexsmobs:elephant":1,"cataclysm:ignis":1,"alexsmobs:fly":2,"minecraft:enderman":11,"minecraft:cow":3},"minecraft:broken":{"advancednetherite:netherite_diamond_chestplate":1,"minecraft:iron_boots":1,"minecraft:iron_chestplate":1,"minecraft:iron_leggings":1,"advancednetherite:netherite_diamond_leggings":1,"minecraft:shield":1,"advancednetherite:netherite_diamond_helmet":1,"minecraft:iron_helmet":1,"advancednetherite:netherite_diamond_boots":1},"minecraft:killed_by":{"minecraft:creeper":1,"cataclysm:ignis":1}},"DataVersion":2586}