{"stats":{"minecraft:crafted":{"minecraft:oak_planks":4,"minecraft:cobblestone_slab":6,"minecraft:wooden_pickaxe":1,"minecraft:iron_sword":1,"minecraft:furnace":2,"minecraft:bucket":1,"minecraft:stone_axe":1,"minecraft:air":80,"minecraft:iron_boots":1,"minecraft:iron_chestplate":1,"spartanshields:shield_tower_stone":1,"minecraft:iron_axe":1,"minecraft:stick":12,"minecraft:iron_ingot":30,"minecraft:iron_pickaxe":1,"minecraft:stone_pickaxe":2,"minecraft:iron_leggings":1,"spartanshields:shield_tower_wood":1},"minecraft:killed":{"minecraft:spider":2,"minecraft:skeleton":5,"minecraft:zombie":1,"minecraft:chicken":1},"minecraft:picked_up":{"minecraft:birch_log":11,"minecraft:lime_bed":5,"minecraft:crafting_table":5,"minecraft:feather":1,"minecraft:chicken":1,"minecraft:andesite":4,"minecraft:flint":1,"minecraft:oak_log":17,"minecraft:shield":1,"minecraft:dirt":39,"minecraft:flint_and_steel":1,"minecraft:bone":9,"minecraft:iron_ore":27,"minecraft:cobblestone_slab":3,"spartanshields:shield_basic_wood":1,"minecraft:furnace":2,"minecraft:stick":2,"minecraft:arrow":6,"minecraft:rotten_flesh":1,"minecraft:granite":1,"spartanshields:shield_tower_wood":1,"minecraft:coal":170,"minecraft:cobblestone":138},"minecraft:custom":{"minecraft:interact_with_furnace":18,"minecraft:mob_kills":9,"minecraft:interact_with_crafting_table":19,"minecraft:play_one_minute":56986,"minecraft:time_since_death":36083,"minecraft:sleep_in_bed":3,"minecraft:time_since_rest":1010,"minecraft:waystone_activated":1,"minecraft:sprint_one_cm":81708,"minecraft:damage_taken":579,"minecraft:walk_one_cm":71799,"minecraft:damage_blocked_by_shield":75,"minecraft:drop":13,"minecraft:damage_dealt":1698,"minecraft:swim_one_cm":2694,"minecraft:fly_one_cm":120686,"minecraft:crouch_one_cm":3519,"minecraft:deaths":1,"minecraft:sneak_time":2303,"minecraft:walk_under_water_one_cm":1612,"minecraft:jump":628,"minecraft:walk_on_water_one_cm":4350,"minecraft:fall_one_cm":18380},"minecraft:broken":{"minecraft:stone_pickaxe":1},"minecraft:used":{"minecraft:stone_sword":10,"minecraft:flint_and_steel":1,"minecraft:stone_shovel":21,"minecraft:stone_pickaxe":179,"minecraft:wooden_pickaxe":15,"minecraft:shield":2,"minecraft:cobblestone_slab":3,"minecraft:dirt":4,"minecraft:crafting_table":6,"minecraft:lime_bed":4,"minecraft:iron_axe":2,"minecraft:iron_pickaxe":105,"minecraft:stone_axe":46,"minecraft:cobblestone":39,"minecraft:furnace":3,"minecraft:cooked_porkchop":3,"minecraft:bucket":1,"minecraft:andesite":2,"realistictorches:unlit_torch":1},"minecraft:dropped":{"minecraft:stone_axe":1,"minecraft:stone_sword":1,"minecraft:cooked_porkchop":64,"minecraft:stone_shovel":1,"minecraft:leather_helmet":1,"minecraft:leather_chestplate":1,"minecraft:lime_bed":2,"minecraft:shield":2,"minecraft:leather_boots":1,"minecraft:leather_leggings":1,"minecraft:stone_pickaxe":1},"minecraft:killed_by":{"minecraft:skeleton":1},"minecraft:mined":{"minecraft:crafting_table":5,"minecraft:granite":1,"minecraft:grass_block":9,"minecraft:cobblestone":8,"minecraft:lime_bed":4,"minecraft:furnace":2,"minecraft:birch_log":12,"minecraft:iron_ore":30,"minecraft:fire":1,"minecraft:andesite":7,"minecraft:birch_leaves":1,"minecraft:grass":2,"minecraft:coal_ore":113,"minecraft:oak_log":17,"minecraft:cobblestone_slab":3,"minecraft:gravel":1,"minecraft:dirt":19,"minecraft:stone":125,"minecraft:oak_leaves":5}},"DataVersion":2586}