{"stats":{"minecraft:picked_up":{"minecraft:crafting_table":5,"minecraft:iron_chestplate":1,"thermal:raw_silver":5,"mekanism:raw_uranium":12,"minecraft:wooden_pickaxe":1,"ae2:silicon_press":2,"betterfurnacesreforged:copper_furnace":2,"thermal:basalz_rod":1,"minecraft:raw_copper":110,"thermal:raw_nickel":5,"thermal:sulfur":53,"supplementaries:bomb":1,"minecraft:cobbled_deepslate":59,"comforts:sleeping_bag_white":8,"minecraft:beef":51,"thermal:niter":12,"minecraft:light_gray_wool":2,"minecraft:lectern":1,"ae2:flawed_budding_quartz":6,"minecraft:iron_boots":1,"minecraft:furnace":9,"minecraft:stick":3,"minecraft:raw_iron":117,"thermal:raw_lead":4,"minecraft:porkchop":27,"minecraft:pointed_dripstone":12,"minecraft:diorite":7,"minecraft:redstone":166,"mekanism:raw_tin":28,"ae2:sky_stone_block":7,"minecraft:stone_sword":1,"minecraft:arrow":12,"minecraft:rotten_flesh":18,"ae2:certus_quartz_dust":2,"ae2:calculation_processor_press":2,"supplementaries:ash":13,"minecraft:mutton":34,"minecraft:white_wool":17,"minecraft:cobblestone":91,"artifacts:eternal_steak":1,"minecraft:andesite":21,"minecraft:leather":15,"minecraft:birch_planks":4,"minecraft:flint":1,"create:raw_zinc":32,"minecraft:oak_log":47,"minecraft:gunpowder":3,"minecraft:lapis_lazuli":87,"ae2:damaged_budding_quartz":5,"minecraft:dirt":55,"thermal:rf_coil":2,"botania:black_mystical_flower":1,"minecraft:cooked_mutton":1,"minecraft:bone":12,"minecraft:raw_gold":21,"minecraft:iron_ingot":2,"ae2:logic_processor_press":2,"minecraft:oak_planks":60,"minecraft:book":12,"thermal:raw_tin":24,"thermal:bell_pepper_seeds":1,"botania:red_mystical_flower":1,"minecraft:dripstone_block":8,"minecraft:gravel":3,"minecraft:ink_sac":2,"ae2:quartz_block":5,"mekanism:raw_osmium":58,"minecraft:diamond":7,"mekanism:fluorite_gem":7,"minecraft:granite":8,"minecraft:gray_wool":2,"ae2:engineering_processor_press":2,"minecraft:emerald":1,"minecraft:oak_sapling":3,"minecraft:coal":258},"minecraft:used":{"ae2:damaged_budding_quartz":4,"minecraft:shield":20,"minecraft:iron_chestplate":1,"mekanismtools:osmium_sword":171,"betterfurnacesreforged:copper_furnace":2,"ae2:flawed_budding_quartz":6,"minecraft:furnace":7,"comforts:sleeping_bag_white":7,"minecraft:cooked_beef":13,"minecraft:cobbled_deepslate":6,"minecraft:cooked_mutton":8,"minecraft:stone_pickaxe":21,"minecraft:oak_planks":33,"minecraft:wooden_pickaxe":9,"mekanismtools:osmium_axe":68,"minecraft:crafting_table":6,"supplementaries:bomb":1,"mekanismtools:osmium_pickaxe":518,"betterfurnacesreforged:iron_furnace":2,"minecraft:diamond_pickaxe":116,"mekanismtools:osmium_shovel":84,"minecraft:fire_charge":1,"minecraft:cobblestone":17,"minecraft:cooked_porkchop":9,"mekanismtools:osmium_leggings":1},"minecraft:mined":{"thermal:deepslate_tin_ore":22,"create:zinc_ore":14,"ae2:chipped_budding_quartz":4,"minecraft:diamond_ore":1,"create:deepslate_zinc_ore":20,"minecraft:deepslate_diamond_ore":6,"botania:red_mystical_flower":1,"thermal:sulfur_ore":8,"thermal:tin_ore":2,"mekanism:deepslate_osmium_ore":11,"minecraft:granite":8,"minecraft:grass_block":43,"minecraft:spruce_leaves":1,"minecraft:oxeye_daisy":1,"minecraft:large_fern":1,"minecraft:redstone_ore":5,"minecraft:furnace":9,"minecraft:iron_ore":72,"minecraft:fire":1,"ae2:damaged_budding_quartz":1,"minecraft:andesite":15,"ae2:mysterious_cube":1,"minecraft:bookshelf":4,"minecraft:pointed_dripstone":4,"minecraft:deepslate_iron_ore":20,"minecraft:dirt_path":11,"ae2:sky_stone_block":7,"minecraft:stone":95,"minecraft:white_tulip":4,"create:veridium":1,"ae2:large_quartz_bud":1,"minecraft:deepslate_redstone_ore":31,"mekanism:osmium_ore":38,"minecraft:crafting_table":5,"minecraft:emerald_ore":1,"minecraft:poppy":1,"mekanism:tin_ore":26,"minecraft:lectern":1,"betterfurnacesreforged:copper_furnace":2,"minecraft:copper_ore":14,"minecraft:tall_grass":5,"minecraft:cobblestone":2,"thermal:deepslate_lead_ore":4,"minecraft:lapis_ore":16,"minecraft:deepslate_gold_ore":21,"minecraft:oak_planks":9,"minecraft:diorite":7,"botania:black_mystical_flower":1,"minecraft:deepslate_copper_ore":19,"supplementaries:urn":5,"ae2:flawless_budding_quartz":4,"ae2:medium_quartz_bud":1,"mekanism:fluorite_ore":1,"thermal:deepslate_silver_ore":5,"ae2:flawed_budding_quartz":2,"minecraft:grass":17,"thermal:niter_ore":3,"mekanism:deepslate_tin_ore":2,"ae2:quartz_block":1,"minecraft:oak_log":50,"minecraft:coal_ore":76,"minecraft:gravel":3,"mekanism:deepslate_fluorite_ore":2,"minecraft:dirt":23,"thermal:nickel_ore":5,"mekanism:deepslate_uranium_ore":10,"minecraft:oak_leaves":9,"minecraft:deepslate":33,"thermal:deepslate_sulfur_ore":6,"minecraft:fern":1},"minecraft:dropped":{"minecraft:cooked_beef":14,"minecraft:oak_log":4,"botania:red_mystical_flower":1,"minecraft:diamond":3,"botania:black_mystical_flower":1,"ae2:sky_stone_block":7,"minecraft:iron_helmet":1,"minecraft:granite":6,"minecraft:stick":6,"minecraft:dirt":5,"minecraft:gray_wool":2,"minecraft:bone":3,"minecraft:gravel":3,"mekanism:ingot_osmium":4,"minecraft:stone_sword":1,"minecraft:pointed_dripstone":12,"minecraft:rotten_flesh":7,"minecraft:light_gray_wool":2,"minecraft:iron_boots":1,"minecraft:cooked_mutton":4,"supplementaries:ash":2,"minecraft:iron_chestplate":2,"minecraft:oak_sapling":3,"artifacts:eternal_steak":1,"comforts:sleeping_bag_white":3,"thermal:bell_pepper_seeds":1,"minecraft:arrow":4,"minecraft:wooden_pickaxe":2,"minecraft:stone_pickaxe":1},"minecraft:custom":{"minecraft:mob_kills":83,"minecraft:interact_with_crafting_table":23,"minecraft:bell_ring":16,"minecraft:leave_game":5,"minecraft:time_since_death":11685,"minecraft:climb_one_cm":864,"minecraft:sprint_one_cm":445160,"minecraft:walk_one_cm":214615,"minecraft:damage_blocked_by_shield":3263,"minecraft:drop":65,"minecraft:talked_to_villager":13,"minecraft:play_time":212665,"minecraft:sneak_time":5306,"minecraft:deaths":4,"minecraft:walk_under_water_one_cm":6346,"minecraft:jump":3137,"minecraft:walk_on_water_one_cm":10815,"minecraft:total_world_time":212665,"minecraft:interact_with_furnace":133,"minecraft:sleep_in_bed":6,"minecraft:time_since_rest":11713,"minecraft:damage_taken":2337,"minecraft:damage_dealt":11083,"minecraft:swim_one_cm":14172,"minecraft:fly_one_cm":521146,"minecraft:player_kills":1,"minecraft:open_chest":36,"minecraft:crouch_one_cm":11357,"minecraft:fall_one_cm":104098},"minecraft:killed_by":{"minecraft:player":1},"minecraft:killed":{"minecraft:skeleton":11,"mekanismadditions:baby_skeleton":1,"minecraft:pig":6,"minecraft:zombie_villager":1,"minecraft:rabbit":1,"minecraft:creeper":4,"minecraft:squid":2,"minecraft:sheep":21,"minecraft:zombie":16,"minecraft:cow":14},"minecraft:crafted":{"minecraft:oak_planks":92,"mekanism:ingot_osmium":43,"betterfurnacesreforged:copper_furnace":2,"comforts:sleeping_bag_white":2,"mekanismtools:osmium_shovel":1,"mekanismtools:osmium_chestplate":1,"minecraft:furnace":2,"minecraft:cooked_mutton":28,"mekanismtools:osmium_axe":1,"minecraft:glass":6,"minecraft:stone_pickaxe":1,"mekanismtools:osmium_boots":1,"mekanismtools:osmium_helmet":1,"mekanismtools:osmium_pickaxe":1,"minecraft:cooked_beef":39,"mekanismtools:osmium_sword":1,"minecraft:cooked_porkchop":27,"betterfurnacesreforged:iron_furnace":2,"minecraft:crafting_table":2,"minecraft:wooden_pickaxe":1,"minecraft:iron_helmet":1,"minecraft:copper_ingot":16,"mekanismtools:osmium_leggings":1,"minecraft:air":0,"minecraft:iron_chestplate":1,"minecraft:diamond_pickaxe":1,"minecraft:shield":1,"minecraft:stick":20,"minecraft:iron_ingot":33},"minecraft:broken":{"minecraft:shield":1}},"DataVersion":3465}