{"stats":{"minecraft:picked_up":{"minecraft:iron_chestplate":3,"minecraft:crafting_table":6,"minecraft:ominous_bottle":4,"minecraft:wooden_pickaxe":1,"minecraft:potion":2,"minecraft:enchanted_book":2,"minecraft:chain":1,"minecraft:brewing_stand":6,"minecraft:brick":133,"minecraft:wind_charge":22,"minecraft:dark_oak_trapdoor":1,"minecraft:string":19,"minecraft:waxed_cut_copper_slab":2,"minecraft:iron_axe":2,"minecraft:iron_leggings":1,"minecraft:red_candle":7,"minecraft:blackstone":12,"minecraft:diamond_leggings":1,"minecraft:cartography_table":1,"minecraft:cobbled_deepslate":16,"minecraft:trial_key":17,"minecraft:enchanted_golden_apple":1,"minecraft:lectern":102,"minecraft:sugar_cane":156,"minecraft:birch_sapling":82,"minecraft:egg":2,"minecraft:iron_boots":1,"minecraft:furnace":2,"minecraft:tipped_arrow":49,"minecraft:stick":464,"minecraft:raw_iron":101,"minecraft:sandstone":5,"minecraft:oak_fence":1,"minecraft:torch":2,"minecraft:acacia_log":200,"minecraft:porkchop":3,"minecraft:flow_pottery_sherd":3,"minecraft:waxed_weathered_copper_bulb":1,"minecraft:diorite":1,"minecraft:dark_oak_planks":7,"minecraft:cactus":2,"minecraft:diamond_chestplate":1,"minecraft:stone_shovel":2,"minecraft:honey_bottle":6,"minecraft:stone_sword":2,"minecraft:arrow":97,"minecraft:rotten_flesh":58,"minecraft:waxed_oxidized_cut_copper_stairs":1,"minecraft:flow_armor_trim_smithing_template":2,"minecraft:tuff_bricks":15,"minecraft:waxed_cut_copper":2,"minecraft:mutton":9,"minecraft:white_wool":6,"minecraft:cobblestone":112,"minecraft:birch_log":230,"minecraft:magma_block":49,"minecraft:cooked_beef":9,"minecraft:golden_carrot":7,"minecraft:salmon":1,"minecraft:water_bucket":4,"minecraft:andesite":2,"minecraft:brown_wool":1,"minecraft:acacia_wood":3,"minecraft:waxed_copper_bulb":5,"minecraft:tuff":2,"minecraft:oak_log":1138,"minecraft:waxed_copper_block":5,"minecraft:gunpowder":2,"minecraft:acacia_boat":2,"minecraft:lapis_lazuli":202,"minecraft:dirt":43,"minecraft:cooked_mutton":3,"minecraft:bone":76,"minecraft:acacia_planks":17,"minecraft:apple":59,"minecraft:bow":8,"minecraft:wheat_seeds":7,"minecraft:acacia_trapdoor":4,"minecraft:raw_gold":3,"minecraft:rabbit_hide":3,"minecraft:stone_pickaxe":3,"minecraft:iron_ingot":18,"minecraft:cooked_chicken":1,"minecraft:rabbit":3,"minecraft:acacia_sapling":52,"minecraft:oak_planks":23,"minecraft:scrape_pottery_sherd":2,"minecraft:emerald_block":2,"minecraft:cooked_porkchop":1,"minecraft:heavy_core":1,"minecraft:quartz":256,"minecraft:gravel":7,"minecraft:sand":93,"minecraft:amethyst_shard":5,"minecraft:polished_tuff":2,"minecraft:spider_eye":5,"minecraft:diamond":34,"minecraft:stone_axe":4,"minecraft:waxed_oxidized_copper_grate":2,"minecraft:granite":2,"minecraft:breeze_rod":15,"minecraft:diamond_pickaxe":1,"minecraft:golden_apple":9,"minecraft:emerald":268,"minecraft:bread":7,"minecraft:baked_potato":28,"minecraft:oak_sapling":317,"minecraft:netherrack":282,"minecraft:coal":42,"minecraft:ominous_trial_key":3,"minecraft:chiseled_tuff_bricks":1,"minecraft:ender_pearl":1},"minecraft:crafted":{"minecraft:oak_planks":2840,"minecraft:stone_shovel":1,"minecraft:wind_charge":4,"minecraft:dark_oak_trapdoor":2,"minecraft:bone_meal":102,"minecraft:bookshelf":1,"minecraft:cooked_mutton":1,"minecraft:mace":1,"minecraft:diamond_helmet":2,"minecraft:diamond_leggings":2,"minecraft:iron_boots":1,"minecraft:iron_axe":1,"minecraft:stone_pickaxe":1,"minecraft:chest":4,"minecraft:diamond_boots":2,"minecraft:dark_oak_planks":512,"minecraft:oak_slab":12,"minecraft:diamond_sword":1,"minecraft:emerald":294,"minecraft:cooked_porkchop":2,"minecraft:diamond_axe":1,"minecraft:crafting_table":3,"minecraft:iron_helmet":1,"minecraft:iron_sword":1,"minecraft:acacia_trapdoor":4,"minecraft:birch_planks":848,"minecraft:stone_axe":1,"minecraft:enchanted_book":20,"minecraft:acacia_boat":2,"minecraft:air":0,"minecraft:lectern":1,"minecraft:book":12,"minecraft:iron_chestplate":1,"minecraft:paper":42,"minecraft:diamond_pickaxe":1,"minecraft:shield":2,"minecraft:stick":9196,"minecraft:iron_pickaxe":5,"minecraft:iron_ingot":45,"minecraft:stone_sword":1,"minecraft:iron_leggings":1,"minecraft:acacia_planks":708,"minecraft:diamond_chestplate":2},"minecraft:custom":{"minecraft:interact_with_anvil":3,"minecraft:mob_kills":191,"minecraft:interact_with_crafting_table":26,"minecraft:open_barrel":5,"minecraft:bell_ring":37,"minecraft:leave_game":6,"minecraft:time_since_death":1008,"minecraft:climb_one_cm":5424,"minecraft:sprint_one_cm":844286,"minecraft:walk_one_cm":631444,"minecraft:damage_blocked_by_shield":4798,"minecraft:drop":115,"minecraft:damage_dealt_absorbed":3,"minecraft:talked_to_villager":268,"minecraft:play_time":491474,"minecraft:deaths":9,"minecraft:sneak_time":10701,"minecraft:walk_under_water_one_cm":18314,"minecraft:boat_one_cm":60654,"minecraft:jump":4785,"minecraft:walk_on_water_one_cm":60927,"minecraft:enchant_item":6,"minecraft:total_world_time":491474,"minecraft:interact_with_furnace":38,"minecraft:traded_with_villager":314,"minecraft:sleep_in_bed":3,"minecraft:time_since_rest":1041,"minecraft:damage_taken":11787,"minecraft:damage_absorbed":161,"minecraft:damage_dealt":29397,"minecraft:swim_one_cm":18848,"minecraft:fly_one_cm":811804,"minecraft:player_kills":2,"minecraft:open_chest":91,"minecraft:crouch_one_cm":28537,"minecraft:fall_one_cm":134766,"minecraft:inspect_dispenser":12},"minecraft:used":{"minecraft:tuff_bricks":2,"minecraft:stone_sword":50,"minecraft:acacia_log":18,"minecraft:stone_shovel":27,"minecraft:chest":4,"minecraft:shield":66,"minecraft:iron_sword":149,"minecraft:cooked_chicken":2,"minecraft:trial_key":8,"minecraft:torch":2,"minecraft:brewing_stand":1,"minecraft:dirt":32,"minecraft:diamond_helmet":1,"minecraft:waxed_cut_copper":2,"minecraft:iron_axe":126,"minecraft:bow":134,"minecraft:ominous_bottle":2,"minecraft:furnace":1,"minecraft:acacia_wood":2,"minecraft:cooked_beef":7,"minecraft:acacia_planks":40,"minecraft:cobbled_deepslate":2,"minecraft:cooked_mutton":64,"minecraft:acacia_boat":3,"minecraft:water_bucket":53,"minecraft:acacia_trapdoor":7,"minecraft:stone_pickaxe":44,"minecraft:oak_planks":53,"minecraft:baked_potato":28,"minecraft:sugar_cane":28,"minecraft:diamond_axe":147,"minecraft:salmon":1,"minecraft:white_wool":1,"minecraft:golden_apple":4,"minecraft:crafting_table":7,"minecraft:oak_log":1,"minecraft:diamond_pickaxe":164,"minecraft:apple":2,"minecraft:ominous_trial_key":3,"minecraft:mace":19,"minecraft:bread":43,"minecraft:wind_charge":21,"minecraft:iron_pickaxe":106,"minecraft:lectern":102,"minecraft:stone_axe":76,"minecraft:chiseled_tuff_bricks":1,"minecraft:diamond_sword":270,"minecraft:fire_charge":1,"minecraft:cobblestone":100,"minecraft:cooked_porkchop":1,"minecraft:bucket":52},"minecraft:broken":{"minecraft:bow":1},"minecraft:killed_by":{"minecraft:player":1,"minecraft:creeper":1,"minecraft:skeleton":3,"minecraft:zombie":3},"minecraft:mined":{"minecraft:dark_oak_planks":5,"minecraft:nether_gold_ore":1,"minecraft:tuff":2,"minecraft:deepslate_diamond_ore":9,"minecraft:brewing_stand":6,"minecraft:granite":2,"minecraft:acacia_log":18,"minecraft:grass_block":3,"minecraft:decorated_pot":25,"minecraft:chiseled_tuff_bricks":1,"minecraft:cartography_table":3,"minecraft:tuff_bricks":13,"minecraft:furnace":1,"minecraft:acacia_trapdoor":4,"minecraft:acacia_wood":3,"minecraft:iron_ore":15,"minecraft:fire":9,"minecraft:cobbled_deepslate":1,"minecraft:chiseled_sandstone":2,"minecraft:polished_tuff":4,"minecraft:andesite":2,"minecraft:deepslate_lapis_ore":2,"minecraft:deepslate_iron_ore":5,"minecraft:stone":101,"minecraft:white_wool":1,"minecraft:glass_pane":2,"minecraft:crafting_table":5,"minecraft:short_grass":56,"minecraft:dead_bush":23,"minecraft:lectern":102,"minecraft:nether_quartz_ore":38,"minecraft:tall_grass":11,"minecraft:cobblestone":10,"minecraft:red_glazed_terracotta":2,"minecraft:lapis_ore":3,"minecraft:deepslate_gold_ore":1,"minecraft:sugar_cane":96,"minecraft:oak_planks":16,"minecraft:waxed_chiseled_copper":2,"minecraft:diorite":1,"minecraft:cactus":1,"minecraft:waxed_copper_bulb":2,"minecraft:red_candle":2,"minecraft:waxed_oxidized_copper_grate":2,"minecraft:birch_log":10,"minecraft:birch_leaves":3,"minecraft:waxed_copper_block":6,"minecraft:coal_ore":1,"minecraft:oak_log":53,"minecraft:dirt":23,"minecraft:acacia_planks":17,"minecraft:dispenser":2,"minecraft:netherrack":39,"minecraft:oak_leaves":36,"minecraft:deepslate":15},"minecraft:dropped":{"minecraft:enchanted_book":2,"minecraft:water_bucket":1,"minecraft:iron_sword":1,"minecraft:wheat_seeds":2,"minecraft:ominous_bottle":2,"minecraft:oak_log":384,"minecraft:cooked_porkchop":2,"minecraft:waxed_oxidized_cut_copper_stairs":1,"minecraft:diamond_leggings":1,"minecraft:oak_fence":1,"minecraft:iron_helmet":1,"minecraft:cobblestone":1,"minecraft:polished_tuff":2,"minecraft:stick":134,"minecraft:dirt":1,"minecraft:waxed_weathered_copper_bulb":1,"minecraft:torch":8,"minecraft:mutton":3,"minecraft:scrape_pottery_sherd":2,"minecraft:brown_wool":1,"minecraft:waxed_copper_bulb":5,"minecraft:diamond_helmet":1,"minecraft:iron_leggings":2,"minecraft:chain":1,"minecraft:amethyst_shard":5,"minecraft:iron_axe":3,"minecraft:iron_pickaxe":5,"minecraft:dark_oak_planks":1,"minecraft:bucket":1,"minecraft:string":6,"minecraft:white_wool":1,"minecraft:bone":67,"minecraft:waxed_cut_copper_slab":2,"minecraft:stone_axe":2,"minecraft:tuff_bricks":13,"minecraft:flow_pottery_sherd":3,"minecraft:cooked_chicken":1,"minecraft:cobbled_deepslate":9,"minecraft:tuff":2,"minecraft:rotten_flesh":45,"minecraft:oak_planks":1,"minecraft:iron_boots":2,"minecraft:waxed_copper_block":5,"minecraft:diamond_sword":1,"minecraft:diamond_chestplate":1,"minecraft:red_candle":7,"minecraft:shield":1,"minecraft:trial_key":5,"minecraft:iron_chestplate":4,"minecraft:oak_sapling":140,"minecraft:spider_eye":2,"minecraft:arrow":2,"minecraft:bow":6,"minecraft:wooden_pickaxe":1,"minecraft:stone_pickaxe":1,"minecraft:lectern":1,"minecraft:waxed_oxidized_copper_grate":2,"minecraft:brick":101,"minecraft:egg":2},"minecraft:killed":{"minecraft:armadillo":1,"minecraft:cave_spider":2,"minecraft:spider":10,"minecraft:slime":13,"minecraft:phantom":2,"minecraft:skeleton":71,"minecraft:piglin":6,"minecraft:husk":14,"minecraft:pig":3,"minecraft:salmon":3,"minecraft:rabbit":2,"minecraft:creeper":2,"minecraft:sheep":4,"minecraft:zombie":39,"minecraft:breeze":9,"minecraft:enderman":1}},"DataVersion":3839}