{"stats":{"minecraft:mined":{"minecraft:crafting_table":6,"minecraft:granite":1,"minecraft:grass_block":9,"minecraft:cobblestone":8,"minecraft:birch_planks":6,"minecraft:lime_bed":4,"minecraft:furnace":3,"minecraft:birch_log":36,"minecraft:iron_ore":62,"minecraft:fire":1,"minecraft:andesite":12,"minecraft:birch_leaves":1,"minecraft:grass":2,"minecraft:oak_log":17,"minecraft:coal_ore":117,"minecraft:cobblestone_slab":3,"minecraft:gravel":1,"minecraft:dirt":19,"minecraft:stone":140,"minecraft:oak_leaves":5},"minecraft:picked_up":{"minecraft:birch_log":35,"minecraft:lime_bed":5,"minecraft:crafting_table":6,"minecraft:feather":1,"minecraft:chicken":2,"minecraft:andesite":4,"minecraft:birch_planks":6,"minecraft:flint":1,"minecraft:oak_log":17,"minecraft:shield":1,"minecraft:dirt":39,"minecraft:flint_and_steel":1,"minecraft:bone":10,"minecraft:iron_ore":59,"minecraft:cobblestone_slab":3,"spartanshields:shield_basic_wood":1,"minecraft:furnace":3,"minecraft:stick":2,"minecraft:arrow":6,"minecraft:rotten_flesh":1,"minecraft:granite":1,"spartanshields:shield_tower_wood":1,"minecraft:coal":174,"minecraft:cobblestone":153},"minecraft:broken":{"minecraft:stone_pickaxe":1},"minecraft:crafted":{"minecraft:oak_planks":4,"minecraft:cobblestone_slab":6,"minecraft:iron_helmet":1,"minecraft:wooden_pickaxe":1,"minecraft:iron_sword":1,"minecraft:furnace":2,"minecraft:bucket":1,"minecraft:stone_axe":1,"minecraft:air":220,"spartanshields:shield_tower_stone":1,"minecraft:iron_boots":1,"minecraft:iron_chestplate":1,"minecraft:iron_axe":1,"minecraft:stick":16,"minecraft:iron_ingot":43,"minecraft:iron_pickaxe":2,"minecraft:stone_pickaxe":2,"minecraft:iron_shovel":1,"minecraft:iron_leggings":1,"spartanshields:shield_tower_wood":1},"minecraft:custom":{"minecraft:interact_with_furnace":42,"minecraft:mob_kills":10,"minecraft:interact_with_crafting_table":22,"minecraft:play_one_minute":68827,"minecraft:time_since_death":47924,"minecraft:sleep_in_bed":3,"minecraft:time_since_rest":12851,"minecraft:waystone_activated":1,"minecraft:sprint_one_cm":116528,"minecraft:damage_taken":657,"minecraft:walk_one_cm":91712,"minecraft:damage_blocked_by_shield":155,"minecraft:drop":21,"minecraft:damage_dealt":1984,"minecraft:swim_one_cm":4303,"minecraft:fly_one_cm":151653,"minecraft:crouch_one_cm":4387,"minecraft:deaths":1,"minecraft:sneak_time":2698,"minecraft:walk_under_water_one_cm":1922,"minecraft:jump":801,"minecraft:walk_on_water_one_cm":12144,"minecraft:fall_one_cm":23353},"minecraft:killed_by":{"minecraft:skeleton":1},"minecraft:dropped":{"minecraft:iron_ingot":1,"minecraft:stone_axe":2,"minecraft:stone_sword":2,"minecraft:cooked_porkchop":64,"minecraft:stone_shovel":1,"minecraft:leather_helmet":2,"minecraft:leather_chestplate":2,"minecraft:lime_bed":2,"minecraft:shield":2,"minecraft:leather_boots":2,"minecraft:leather_leggings":2,"minecraft:stone_pickaxe":2},"minecraft:used":{"minecraft:water_bucket":1,"minecraft:stone_sword":10,"minecraft:flint_and_steel":1,"minecraft:birch_planks":18,"minecraft:stone_shovel":21,"minecraft:stone_pickaxe":179,"minecraft:wooden_pickaxe":15,"minecraft:shield":4,"minecraft:iron_sword":5,"minecraft:cobblestone_slab":3,"minecraft:dirt":4,"minecraft:lime_bed":4,"minecraft:crafting_table":7,"minecraft:iron_axe":33,"minecraft:iron_pickaxe":162,"minecraft:stone_axe":46,"minecraft:cobblestone":39,"minecraft:furnace":5,"minecraft:cooked_porkchop":5,"minecraft:bucket":2,"minecraft:andesite":2,"realistictorches:unlit_torch":1},"minecraft:killed":{"minecraft:spider":2,"minecraft:skeleton":6,"minecraft:zombie":1,"minecraft:chicken":1}},"DataVersion":2586}