{"stats":{"minecraft:killed":{"minecraft:cave_spider":2,"minecraft:witch":2,"minecraft:spider":10,"minecraft:skeleton":76,"minecraft:chicken":1,"minecraft:piglin":6,"minecraft:pig":4,"minecraft:salmon":3,"minecraft:creeper":4,"minecraft:sheep":9,"minecraft:pillager":2,"minecraft:zombie":59,"minecraft:cow":8,"minecraft:vex":2,"minecraft:armadillo":1,"minecraft:vindicator":1,"minecraft:slime":13,"minecraft:phantom":2,"minecraft:husk":15,"minecraft:rabbit":2,"minecraft:breeze":9,"minecraft:enderman":2},"minecraft:picked_up":{"minecraft:shulker_shell":1,"minecraft:iron_chestplate":3,"minecraft:potion":3,"minecraft:enchanted_book":3,"minecraft:brewing_stand":6,"minecraft:string":21,"minecraft:dark_oak_trapdoor":1,"minecraft:waxed_cut_copper_slab":2,"minecraft:iron_leggings":1,"minecraft:red_candle":7,"minecraft:diamond_leggings":1,"minecraft:gold_nugget":155,"minecraft:cobbled_deepslate":79,"minecraft:trial_key":17,"minecraft:netherite_upgrade_smithing_template":5,"minecraft:enchanted_golden_apple":1,"minecraft:iron_boots":1,"minecraft:furnace":2,"minecraft:tipped_arrow":49,"minecraft:stick":815,"minecraft:oak_fence":1,"minecraft:torch":4,"minecraft:acacia_log":303,"minecraft:porkchop":5,"minecraft:waxed_weathered_copper_bulb":1,"minecraft:diorite":8,"minecraft:orange_bed":2,"minecraft:stone_sword":2,"minecraft:cactus":2,"minecraft:honey_bottle":6,"minecraft:rotten_flesh":70,"minecraft:waxed_cut_copper":2,"minecraft:iron_bars":1,"minecraft:cobblestone":167,"minecraft:birch_log":614,"minecraft:magma_block":68,"minecraft:cooked_beef":9,"minecraft:water_bucket":4,"minecraft:andesite":7,"minecraft:brown_wool":1,"minecraft:tuff":2,"minecraft:acacia_boat":3,"minecraft:lantern":1,"minecraft:dirt":47,"minecraft:lapis_lazuli":202,"minecraft:bone":76,"minecraft:acacia_planks":82,"minecraft:bow":8,"minecraft:wheat_seeds":13,"minecraft:raw_gold":35,"minecraft:rabbit":3,"minecraft:moss_block":1,"minecraft:scrape_pottery_sherd":2,"minecraft:oak_planks":26,"minecraft:cooked_porkchop":1,"minecraft:sand":107,"minecraft:acacia_stairs":73,"minecraft:sugar":2,"minecraft:diamond":129,"minecraft:waxed_oxidized_copper_grate":2,"minecraft:granite":2,"minecraft:breeze_rod":15,"minecraft:golden_apple":13,"minecraft:bread":7,"minecraft:emerald":443,"minecraft:oak_sapling":614,"minecraft:chorus_fruit":43,"minecraft:netherrack":1104,"minecraft:ominous_trial_key":3,"minecraft:diamond_pickaxe":1,"minecraft:crafting_table":6,"minecraft:ominous_bottle":4,"minecraft:wooden_pickaxe":1,"minecraft:chain":1,"minecraft:purpur_block":5,"minecraft:brick":133,"minecraft:wind_charge":22,"minecraft:moss_carpet":1,"minecraft:red_bed":1,"minecraft:elytra":1,"minecraft:iron_axe":2,"minecraft:blackstone":33,"minecraft:cartography_table":1,"minecraft:beef":13,"minecraft:poppy":3,"minecraft:lectern":250,"minecraft:sugar_cane":190,"minecraft:birch_sapling":173,"minecraft:egg":2,"minecraft:raw_iron":167,"minecraft:sandstone":5,"minecraft:end_stone":73,"minecraft:flow_pottery_sherd":3,"minecraft:redstone":2,"minecraft:dark_oak_planks":10,"minecraft:arrow":100,"minecraft:diamond_chestplate":1,"minecraft:stone_shovel":2,"minecraft:pumpkin_pie":16,"minecraft:waxed_oxidized_cut_copper_stairs":1,"minecraft:totem_of_undying":2,"minecraft:flow_armor_trim_smithing_template":2,"minecraft:tuff_bricks":15,"minecraft:mutton":16,"minecraft:white_wool":10,"minecraft:golden_carrot":39,"minecraft:salmon":1,"minecraft:leather":14,"minecraft:acacia_wood":3,"minecraft:waxed_copper_bulb":5,"minecraft:oak_log":2685,"minecraft:waxed_copper_block":5,"minecraft:ancient_debris":28,"minecraft:gunpowder":8,"minecraft:blue_bed":1,"minecraft:white_banner":1,"minecraft:orange_terracotta":6,"minecraft:cooked_mutton":3,"minecraft:apple":137,"minecraft:acacia_trapdoor":4,"minecraft:rabbit_hide":3,"minecraft:iron_ingot":18,"minecraft:stone_pickaxe":3,"minecraft:cooked_chicken":1,"minecraft:glass_bottle":1,"minecraft:acacia_sapling":81,"minecraft:book":59,"minecraft:emerald_block":2,"minecraft:pumpkin":7,"minecraft:heavy_core":1,"minecraft:quartz":303,"minecraft:gravel":66,"minecraft:amethyst_shard":5,"minecraft:polished_tuff":2,"minecraft:spider_eye":6,"minecraft:dragon_egg":1,"minecraft:stone_axe":4,"minecraft:rib_armor_trim_smithing_template":1,"minecraft:terracotta":173,"minecraft:baked_potato":28,"minecraft:chiseled_tuff_bricks":1,"minecraft:coal":92,"minecraft:ender_pearl":1},"minecraft:custom":{"minecraft:interact_with_crafting_table":42,"minecraft:open_barrel":5,"minecraft:bell_ring":39,"minecraft:leave_game":11,"minecraft:time_since_death":77475,"minecraft:sprint_one_cm":1722921,"minecraft:damage_blocked_by_shield":4963,"minecraft:drop":147,"minecraft:talked_to_villager":542,"minecraft:play_time":846910,"minecraft:deaths":17,"minecraft:jump":8511,"minecraft:walk_on_water_one_cm":73395,"minecraft:enchant_item":6,"minecraft:interact_with_furnace":56,"minecraft:traded_with_villager":917,"minecraft:sleep_in_bed":5,"minecraft:damage_dealt":38942,"minecraft:player_kills":2,"minecraft:crouch_one_cm":49639,"minecraft:inspect_dispenser":12,"minecraft:interact_with_smithing_table":10,"minecraft:mob_kills":243,"minecraft:interact_with_anvil":19,"minecraft:climb_one_cm":5749,"minecraft:walk_one_cm":1394252,"minecraft:damage_dealt_absorbed":4,"minecraft:sneak_time":15685,"minecraft:walk_under_water_one_cm":33895,"minecraft:boat_one_cm":92661,"minecraft:total_world_time":846910,"minecraft:time_since_rest":77503,"minecraft:damage_taken":19108,"minecraft:damage_absorbed":427,"minecraft:swim_one_cm":27779,"minecraft:fly_one_cm":1593347,"minecraft:open_chest":329,"minecraft:aviate_one_cm":2436019,"minecraft:fall_one_cm":284758},"minecraft:mined":{"minecraft:dark_oak_planks":8,"minecraft:brewing_stand":6,"minecraft:granite":2,"minecraft:acacia_log":23,"minecraft:grass_block":4,"minecraft:chiseled_tuff_bricks":1,"minecraft:tuff_bricks":13,"minecraft:magma_block":24,"minecraft:cobbled_deepslate":1,"minecraft:fire":17,"minecraft:iron_ore":18,"minecraft:polished_tuff":4,"minecraft:pumpkin":7,"minecraft:deepslate_lapis_ore":2,"minecraft:deepslate_redstone_ore":1,"minecraft:blackstone":42,"minecraft:orange_terracotta":6,"minecraft:torch":1,"minecraft:dead_bush":28,"minecraft:nether_quartz_ore":90,"minecraft:cobblestone":12,"minecraft:sugar_cane":113,"minecraft:oak_planks":19,"minecraft:waxed_chiseled_copper":2,"minecraft:wall_torch":2,"minecraft:waxed_copper_bulb":2,"minecraft:red_candle":2,"minecraft:birch_log":13,"minecraft:waxed_copper_block":6,"minecraft:purpur_block":4,"minecraft:oak_log":58,"minecraft:dirt":27,"minecraft:dispenser":2,"minecraft:ancient_debris":28,"minecraft:netherrack":22929,"minecraft:oak_leaves":70,"minecraft:deepslate":84,"minecraft:nether_gold_ore":24,"minecraft:tuff":2,"minecraft:deepslate_diamond_ore":23,"minecraft:end_stone":72,"minecraft:decorated_pot":25,"minecraft:cartography_table":3,"minecraft:moss_block":1,"minecraft:furnace":1,"minecraft:acacia_trapdoor":4,"minecraft:chiseled_sandstone":2,"minecraft:acacia_wood":3,"minecraft:acacia_stairs":82,"minecraft:andesite":7,"minecraft:bookshelf":7,"minecraft:deepslate_iron_ore":11,"minecraft:lantern":1,"minecraft:chorus_plant":4,"minecraft:stone":154,"minecraft:white_wool":1,"minecraft:acacia_leaves":1,"minecraft:glass_pane":4,"minecraft:basalt":2,"minecraft:crafting_table":5,"minecraft:short_grass":113,"minecraft:lectern":250,"minecraft:tall_grass":15,"minecraft:red_glazed_terracotta":2,"minecraft:lapis_ore":3,"minecraft:deepslate_gold_ore":5,"minecraft:diorite":8,"minecraft:blue_bed":1,"minecraft:cactus":1,"minecraft:waxed_oxidized_copper_grate":2,"minecraft:birch_leaves":4,"minecraft:white_wall_banner":1,"minecraft:coal_ore":3,"minecraft:gravel":63,"minecraft:terracotta":173,"minecraft:acacia_planks":82},"minecraft:killed_by":{"minecraft:creeper":1,"minecraft:zombie":3,"minecraft:player":4,"minecraft:iron_golem":1,"minecraft:skeleton":3},"minecraft:broken":{"minecraft:bow":1},"minecraft:crafted":{"minecraft:oak_planks":9012,"minecraft:diamond_shovel":1,"minecraft:bookshelf":9,"minecraft:cooked_mutton":1,"minecraft:mace":1,"minecraft:diamond_helmet":3,"minecraft:diamond_leggings":3,"minecraft:iron_boots":1,"minecraft:chest":4,"minecraft:flow_armor_trim_smithing_template":8,"minecraft:netherite_upgrade_smithing_template":14,"minecraft:oak_slab":12,"minecraft:emerald":851,"minecraft:cooked_porkchop":2,"minecraft:diamond_axe":2,"minecraft:crafting_table":4,"minecraft:acacia_slab":6,"minecraft:iron_helmet":1,"minecraft:birch_planks":2384,"minecraft:lectern":2,"minecraft:iron_chestplate":1,"minecraft:book":12,"minecraft:paper":42,"minecraft:diamond_pickaxe":1,"minecraft:shield":2,"minecraft:stick":26304,"minecraft:iron_ingot":88,"minecraft:iron_pickaxe":5,"minecraft:stone_sword":1,"minecraft:gold_ingot":28,"minecraft:netherite_ingot":7,"minecraft:stone_shovel":1,"minecraft:wind_charge":4,"minecraft:dark_oak_trapdoor":2,"minecraft:bone_meal":102,"minecraft:iron_axe":1,"minecraft:stone_pickaxe":1,"minecraft:diamond_boots":3,"minecraft:netherite_scrap":28,"minecraft:dark_oak_planks":656,"minecraft:diamond_sword":1,"minecraft:iron_sword":1,"minecraft:acacia_trapdoor":6,"minecraft:stone_axe":1,"minecraft:enchanted_book":33,"minecraft:acacia_boat":3,"minecraft:air":0,"minecraft:iron_leggings":1,"minecraft:pumpkin_pie":100,"minecraft:acacia_planks":1100,"minecraft:diamond_chestplate":3},"minecraft:used":{"minecraft:tuff_bricks":2,"minecraft:elytra":1,"minecraft:chest":4,"minecraft:shield":69,"minecraft:iron_sword":149,"minecraft:netherite_shovel":1,"minecraft:lantern":1,"minecraft:birch_sapling":27,"minecraft:bow":197,"minecraft:ominous_bottle":2,"minecraft:furnace":1,"minecraft:oak_sapling":4,"minecraft:chorus_fruit":15,"minecraft:acacia_trapdoor":8,"minecraft:stone_pickaxe":44,"minecraft:oak_planks":53,"minecraft:sandstone":5,"minecraft:blue_bed":1,"minecraft:diamond_axe":354,"minecraft:sugar_cane":47,"minecraft:white_wool":1,"minecraft:golden_apple":9,"minecraft:sand":25,"minecraft:end_stone":21,"minecraft:firework_rocket":55,"minecraft:mace":44,"minecraft:bread":53,"minecraft:lectern":251,"minecraft:chiseled_tuff_bricks":1,"minecraft:diamond_sword":270,"minecraft:fire_charge":1,"minecraft:purpur_block":1,"minecraft:stone_sword":50,"minecraft:acacia_log":18,"minecraft:stone_shovel":27,"minecraft:cooked_chicken":2,"minecraft:trial_key":8,"minecraft:netherrack":38,"minecraft:orange_bed":2,"minecraft:torch":3,"minecraft:brewing_stand":1,"minecraft:dirt":32,"minecraft:anvil":1,"minecraft:diamond_helmet":1,"minecraft:bookshelf":7,"minecraft:waxed_cut_copper":2,"minecraft:iron_axe":126,"minecraft:totem_of_undying":2,"minecraft:golden_carrot":28,"minecraft:netherite_pickaxe":388,"minecraft:acacia_wood":2,"minecraft:cooked_beef":7,"minecraft:cobbled_deepslate":11,"minecraft:acacia_planks":51,"minecraft:orange_terracotta":4,"minecraft:cooked_mutton":64,"minecraft:acacia_boat":4,"minecraft:water_bucket":112,"minecraft:baked_potato":28,"minecraft:salmon":1,"minecraft:terracotta":173,"minecraft:crafting_table":8,"minecraft:red_bed":1,"minecraft:oak_log":1,"minecraft:diamond_pickaxe":23261,"minecraft:apple":2,"minecraft:ominous_trial_key":3,"minecraft:diamond_shovel":66,"minecraft:wind_charge":21,"minecraft:iron_pickaxe":106,"minecraft:netherite_axe":236,"minecraft:stone_axe":76,"minecraft:cobblestone":102,"minecraft:potion":2,"minecraft:cooked_porkchop":1,"minecraft:bucket":111,"minecraft:pumpkin_pie":59},"minecraft:dropped":{"minecraft:iron_sword":1,"minecraft:porkchop":2,"minecraft:ominous_bottle":2,"minecraft:oak_log":384,"minecraft:glass_bottle":2,"minecraft:cooked_porkchop":2,"minecraft:emerald":151,"minecraft:dirt":1,"minecraft:mutton":3,"minecraft:scrape_pottery_sherd":2,"minecraft:chain":1,"minecraft:amethyst_shard":5,"minecraft:sand":14,"minecraft:iron_pickaxe":5,"minecraft:dark_oak_planks":1,"minecraft:white_wool":1,"minecraft:bone":67,"minecraft:waxed_cut_copper_slab":2,"minecraft:stone_axe":2,"minecraft:cooked_chicken":1,"minecraft:cobbled_deepslate":9,"minecraft:rotten_flesh":49,"minecraft:oak_planks":1,"minecraft:waxed_copper_block":5,"minecraft:red_candle":7,"minecraft:iron_bars":1,"minecraft:arrow":2,"minecraft:quartz":128,"minecraft:netherrack":415,"minecraft:lectern":1,"minecraft:egg":2,"minecraft:enchanted_book":2,"minecraft:water_bucket":1,"minecraft:wheat_seeds":8,"minecraft:waxed_oxidized_cut_copper_stairs":1,"minecraft:diamond_leggings":1,"minecraft:oak_fence":1,"minecraft:cobblestone":1,"minecraft:iron_helmet":1,"minecraft:book":38,"minecraft:polished_tuff":2,"minecraft:stick":326,"minecraft:waxed_weathered_copper_bulb":1,"minecraft:torch":8,"minecraft:brown_wool":1,"minecraft:waxed_copper_bulb":5,"minecraft:diamond_helmet":1,"minecraft:iron_leggings":2,"minecraft:iron_axe":3,"minecraft:string":8,"minecraft:bucket":1,"minecraft:tuff_bricks":13,"minecraft:flow_pottery_sherd":3,"minecraft:tuff":2,"minecraft:iron_boots":2,"minecraft:diamond_sword":1,"minecraft:shield":1,"minecraft:trial_key":5,"minecraft:diamond_chestplate":1,"minecraft:iron_chestplate":4,"minecraft:andesite":4,"minecraft:oak_sapling":328,"minecraft:spider_eye":2,"minecraft:bow":6,"minecraft:stone_pickaxe":1,"minecraft:wooden_pickaxe":1,"minecraft:waxed_oxidized_copper_grate":2,"minecraft:brick":101}},"DataVersion":3839}