{"stats":{"minecraft:mined":{"minecraft:iron_ore":3,"minecraft:birch_log":10,"minecraft:birch_leaves":3,"minecraft:crafting_table":1,"minecraft:deepslate_iron_ore":3,"minecraft:short_grass":1,"minecraft:oak_log":37,"minecraft:dead_bush":23,"minecraft:stone":31,"minecraft:deepslate":1,"minecraft:oak_leaves":12},"minecraft:killed":{"minecraft:skeleton":1,"minecraft:sheep":1,"minecraft:armadillo":1,"minecraft:salmon":3,"minecraft:rabbit":2},"minecraft:used":{"minecraft:cooked_mutton":3,"minecraft:apple":2,"minecraft:stone_sword":40,"minecraft:stone_pickaxe":38,"minecraft:cooked_chicken":2,"minecraft:stone_axe":64,"minecraft:salmon":1,"minecraft:cobblestone":6,"minecraft:crafting_table":2,"minecraft:cooked_porkchop":1,"minecraft:furnace":1,"minecraft:cobbled_deepslate":2},"minecraft:crafted":{"minecraft:stone_shovel":1,"minecraft:cooked_porkchop":2,"minecraft:stone_pickaxe":1,"minecraft:stone_sword":1,"minecraft:stone_axe":1,"minecraft:air":0,"minecraft:cooked_mutton":1},"minecraft:picked_up":{"minecraft:raw_iron":24,"minecraft:birch_log":20,"minecraft:stick":98,"minecraft:crafting_table":2,"minecraft:cooked_porkchop":1,"minecraft:salmon":1,"minecraft:wooden_pickaxe":1,"minecraft:oak_log":84,"minecraft:dirt":2,"minecraft:bone":2,"minecraft:cooked_mutton":3,"minecraft:stone_sword":2,"minecraft:arrow":4,"minecraft:stone_shovel":2,"minecraft:apple":2,"minecraft:stone_axe":3,"minecraft:cobbled_deepslate":2,"minecraft:rabbit_hide":3,"minecraft:stone_pickaxe":3,"minecraft:rabbit":3,"minecraft:oak_sapling":11,"minecraft:sugar_cane":16,"minecraft:mutton":4,"minecraft:coal":19,"minecraft:white_wool":3,"minecraft:cobblestone":37,"minecraft:furnace":2},"minecraft:killed_by":{"minecraft:skeleton":2},"minecraft:dropped":{"minecraft:stone_axe":1,"minecraft:cooked_porkchop":2,"minecraft:stone_pickaxe":1,"minecraft:wooden_pickaxe":1},"minecraft:custom":{"minecraft:time_since_rest":31382,"minecraft:interact_with_furnace":5,"minecraft:sprint_one_cm":103003,"minecraft:damage_taken":986,"minecraft:walk_one_cm":40811,"minecraft:mob_kills":8,"minecraft:drop":5,"minecraft:damage_dealt":1011,"minecraft:interact_with_crafting_table":4,"minecraft:swim_one_cm":8301,"minecraft:fly_one_cm":179828,"minecraft:player_kills":1,"minecraft:crouch_one_cm":1029,"minecraft:play_time":47729,"minecraft:deaths":2,"minecraft:sneak_time":1061,"minecraft:walk_under_water_one_cm":2093,"minecraft:jump":565,"minecraft:leave_game":3,"minecraft:walk_on_water_one_cm":1984,"minecraft:time_since_death":31348,"minecraft:total_world_time":47729,"minecraft:fall_one_cm":12154}},"DataVersion":3839}