{"stats":{"minecraft:custom":{"minecraft:mob_kills":34,"minecraft:interact_with_crafting_table":14,"minecraft:bell_ring":44,"minecraft:leave_game":9,"minecraft:time_since_death":116692,"minecraft:climb_one_cm":1597,"minecraft:sprint_one_cm":351279,"minecraft:walk_one_cm":138275,"minecraft:damage_blocked_by_shield":900,"minecraft:drop":37,"minecraft:play_time":117999,"minecraft:deaths":1,"minecraft:sneak_time":6219,"minecraft:walk_under_water_one_cm":2357,"minecraft:jump":2445,"minecraft:walk_on_water_one_cm":8388,"minecraft:total_world_time":117999,"minecraft:interact_with_furnace":20,"minecraft:sleep_in_bed":6,"minecraft:time_since_rest":24176,"minecraft:waystone_activated":4,"minecraft:damage_taken":2001,"minecraft:damage_dealt":3807,"minecraft:swim_one_cm":32489,"minecraft:fly_one_cm":522764,"minecraft:open_chest":16,"minecraft:crouch_one_cm":16891,"minecraft:fall_one_cm":74610},"minecraft:dropped":{"minecraft:cooked_beef":1,"ae2:sky_stone_block":1,"minecraft:cobblestone":64,"ae2:quartz_block":6,"minecraft:dirt":3,"minecraft:diorite":7,"ae2:silicon_press":2,"minecraft:white_wool":6,"thermal:spinach_seeds":1,"comforts:sleeping_bag_red":1,"minecraft:rotten_flesh":1,"minecraft:light_gray_wool":1,"mekanism:raw_tin":1,"supplementaries:ash":4,"create:veridium":8,"minecraft:andesite":1,"minecraft:leather_boots":2,"minecraft:oak_sapling":7,"ae2:damaged_budding_quartz":2,"thermal:raw_nickel":3,"thermal:bell_pepper_seeds":1,"minecraft:arrow":1,"botania:lime_mystical_flower":1,"minecraft:stone_brick_stairs":1,"minecraft:black_wool":1},"minecraft:crafted":{"minecraft:oak_planks":204,"mekanism:ingot_osmium":3,"minecraft:furnace":1,"minecraft:iron_boots":1,"minecraft:iron_axe":1,"minecraft:stone_pickaxe":1,"mekanismtools:osmium_pickaxe":1,"minecraft:wheat":99,"minecraft:crafting_table":2,"minecraft:wooden_pickaxe":1,"minecraft:iron_helmet":1,"minecraft:iron_sword":1,"minecraft:stone_axe":1,"minecraft:bread":33,"minecraft:air":0,"minecraft:iron_chestplate":1,"minecraft:shield":1,"minecraft:stick":12,"minecraft:iron_ingot":29,"minecraft:iron_leggings":1,"minecraft:torch":20},"minecraft:used":{"create:veridium":5,"mekanismtools:lapis_lazuli_helmet":2,"minecraft:chest":1,"minecraft:shield":10,"minecraft:iron_sword":17,"botania:green_mystical_flower":1,"minecraft:iron_chestplate":1,"minecraft:torch":19,"minecraft:dirt":2,"minecraft:iron_axe":53,"minecraft:iron_helmet":5,"minecraft:iron_boots":1,"minecraft:furnace":3,"minecraft:cooked_beef":6,"comforts:sleeping_bag_white":5,"minecraft:iron_leggings":1,"minecraft:cooked_mutton":3,"minecraft:diorite":2,"minecraft:stone_pickaxe":33,"minecraft:oak_planks":2,"minecraft:wooden_pickaxe":3,"minecraft:white_wool":3,"minecraft:crafting_table":5,"mekanismtools:osmium_pickaxe":245,"waystones:waystone":2,"minecraft:apple":1,"minecraft:bread":39,"minecraft:stone_axe":58,"minecraft:cobblestone":22},"minecraft:picked_up":{"minecraft:crafting_table":3,"ae2:silicon_press":2,"minecraft:stone_brick_stairs":1,"thermal:raw_nickel":3,"comforts:sleeping_bag_white":6,"minecraft:beef":1,"thermal:niter":21,"minecraft:iron_nugget":22,"minecraft:light_gray_wool":1,"minecraft:melon_slice":4,"minecraft:chest":1,"thermal:spinach_seeds":1,"minecraft:furnace":3,"minecraft:stick":4,"minecraft:raw_iron":35,"minecraft:porkchop":3,"minecraft:pointed_dripstone":8,"minecraft:diorite":14,"mekanism:raw_tin":17,"ae2:sky_stone_block":1,"minecraft:arrow":2,"minecraft:rotten_flesh":1,"botania:lime_mystical_flower":1,"minecraft:hay_block":17,"comforts:sleeping_bag_red":1,"create:veridium":21,"mekanism:ingot_osmium":1,"supplementaries:ash":4,"botania:green_mystical_flower":1,"minecraft:mutton":29,"minecraft:cobblestone":122,"minecraft:white_wool":16,"minecraft:cooked_beef":14,"minecraft:andesite":1,"mekanismtools:lapis_lazuli_helmet":1,"minecraft:leather":7,"minecraft:oak_log":51,"ae2:damaged_budding_quartz":2,"minecraft:dirt":5,"minecraft:leather_boots":2,"minecraft:cooked_mutton":3,"minecraft:bone":3,"minecraft:apple":1,"minecraft:wheat_seeds":1,"minecraft:iron_ingot":2,"minecraft:oak_planks":1,"thermal:raw_tin":1,"thermal:bell_pepper_seeds":1,"mekanism:raw_osmium":8,"ae2:quartz_block":6,"minecraft:mossy_cobblestone":1,"minecraft:leather_helmet":2,"waystones:waystone":3,"minecraft:oak_sapling":10,"minecraft:black_wool":1,"minecraft:coal":32},"minecraft:mined":{"ae2:chipped_budding_quartz":1,"minecraft:white_bed":1,"minecraft:mossy_cobblestone":1,"thermal:tin_ore":1,"minecraft:granite":5,"minecraft:grass_block":2,"minecraft:spruce_leaves":1,"minecraft:large_fern":1,"minecraft:hay_block":17,"minecraft:furnace":3,"minecraft:iron_ore":34,"ae2:damaged_budding_quartz":1,"minecraft:andesite":1,"ae2:mysterious_cube":1,"minecraft:pointed_dripstone":3,"minecraft:stone":117,"create:veridium":18,"botania:green_mystical_flower":1,"botania:lime_mystical_flower":1,"mekanism:osmium_ore":8,"minecraft:crafting_table":4,"minecraft:melon":1,"minecraft:chest":1,"mekanism:tin_ore":17,"minecraft:tall_grass":1,"minecraft:cobblestone":6,"minecraft:diorite":7,"supplementaries:urn":3,"ae2:flawless_budding_quartz":2,"minecraft:sweet_berry_bush":5,"minecraft:grass":13,"thermal:niter_ore":5,"ae2:quartz_block":2,"minecraft:oak_log":46,"minecraft:coal_ore":32,"thermal:nickel_ore":3,"minecraft:smooth_basalt":2,"minecraft:fern":4,"minecraft:oak_leaves":17,"minecraft:infested_stone":2},"minecraft:killed":{"minecraft:skeleton":3,"minecraft:silverfish":1,"minecraft:pig":1,"minecraft:zombie_villager":1,"minecraft:sheep":18,"minecraft:zombie":2,"minecraft:cow":8}},"DataVersion":3465}