{"stats":{"minecraft:used":{"minecraft:tuff_bricks":31,"minecraft:ladder":24,"minecraft:elytra":5,"minecraft:chest":247,"minecraft:shield":43,"minecraft:iron_sword":29,"minecraft:nether_wart":74,"minecraft:soul_sand":60,"minecraft:nether_bricks":3,"minecraft:snowball":2,"minecraft:obsidian":12,"minecraft:waxed_oxidized_copper":3,"minecraft:waxed_oxidized_copper_grate":4,"minecraft:grass_block":4,"minecraft:iron_helmet":1,"minecraft:netherite_boots":2,"minecraft:bow":22,"minecraft:furnace":9,"minecraft:potato":1,"minecraft:diorite":6,"minecraft:diamond_boots":5,"minecraft:chorus_fruit":1,"minecraft:stone_pickaxe":241,"minecraft:oak_planks":647,"minecraft:ender_pearl":2,"minecraft:wooden_pickaxe":4,"minecraft:composter":13,"minecraft:diamond_axe":331,"minecraft:sugar_cane":36,"minecraft:golden_apple":29,"minecraft:sand":21,"minecraft:purpur_stairs":1,"minecraft:netherite_leggings":2,"minecraft:blast_furnace":1,"minecraft:netherite_helmet":2,"minecraft:end_stone":110,"minecraft:polished_tuff":4,"minecraft:mace":8,"minecraft:bread":168,"minecraft:melon_slice":23,"minecraft:lectern":15,"minecraft:gravel":51,"minecraft:chiseled_tuff_bricks":2,"minecraft:diamond_sword":430,"minecraft:smithing_table":1,"minecraft:air":1,"minecraft:oak_trapdoor":20,"minecraft:netherite_sword":100,"minecraft:enchanting_table":2,"minecraft:acacia_log":12,"minecraft:flint_and_steel":2,"minecraft:ender_chest":1,"minecraft:netherrack":342,"minecraft:stone_hoe":56,"minecraft:cooked_chicken":3,"minecraft:trial_key":3,"minecraft:orange_bed":9,"minecraft:torch":4,"minecraft:brewing_stand":74,"minecraft:dirt":429,"minecraft:anvil":23,"minecraft:chorus_flower":1,"minecraft:diamond_helmet":5,"minecraft:shulker_box":20,"minecraft:granite":2,"minecraft:oak_fence_gate":24,"minecraft:chipped_anvil":1,"minecraft:bookshelf":42,"minecraft:iron_axe":30,"minecraft:oak_stairs":220,"minecraft:totem_of_undying":3,"minecraft:diamond_chestplate":3,"minecraft:basalt":16,"minecraft:golden_carrot":8,"minecraft:netherite_pickaxe":5197,"minecraft:acacia_planks":2,"minecraft:cobbled_deepslate":124,"minecraft:wheat_seeds":105,"minecraft:cooked_mutton":4,"minecraft:acacia_boat":2,"minecraft:water_bucket":77,"minecraft:glass_bottle":26,"minecraft:netherite_chestplate":8,"minecraft:baked_potato":1,"minecraft:cartography_table":2,"minecraft:waxed_oxidized_cut_copper":5,"minecraft:fletching_table":5,"minecraft:salmon":1,"minecraft:crafting_table":25,"minecraft:oak_slab":449,"minecraft:red_bed":1,"minecraft:white_bed":2,"minecraft:oak_log":313,"minecraft:diamond_pickaxe":8034,"minecraft:diamond_shovel":1315,"minecraft:ominous_trial_key":1,"minecraft:wind_charge":12,"minecraft:oak_button":1,"minecraft:iron_pickaxe":203,"minecraft:map":1,"minecraft:netherite_axe":773,"minecraft:spruce_trapdoor":24,"minecraft:stone_axe":97,"minecraft:cobblestone":266,"minecraft:potion":1,"minecraft:white_banner":3,"minecraft:cooked_porkchop":3,"minecraft:bucket":52,"minecraft:pumpkin_pie":75,"minecraft:splash_potion":5,"minecraft:diamond_leggings":3},"minecraft:crafted":{"minecraft:oak_planks":5000,"minecraft:blaze_powder":16,"minecraft:cooked_chicken":1,"minecraft:diamond_shovel":1,"minecraft:bookshelf":63,"minecraft:shulker_box":4,"minecraft:cooked_mutton":4,"minecraft:glass":50,"minecraft:diamond_helmet":2,"minecraft:diamond_leggings":3,"minecraft:bow":3,"minecraft:iron_boots":9,"minecraft:chest":188,"minecraft:oak_button":1,"minecraft:netherite_upgrade_smithing_template":10,"minecraft:stone_hoe":1,"minecraft:oak_fence":12,"minecraft:glass_bottle":48,"minecraft:oak_slab":330,"minecraft:arrow":656,"minecraft:emerald":285,"minecraft:cooked_porkchop":2,"minecraft:diamond_axe":2,"minecraft:crafting_table":5,"minecraft:wooden_pickaxe":1,"minecraft:iron_helmet":1,"minecraft:fletching_table":5,"minecraft:birch_planks":40,"minecraft:brewing_stand":16,"minecraft:apple":72,"minecraft:iron_chestplate":2,"minecraft:diamond_pickaxe":5,"minecraft:shield":3,"minecraft:stick":7764,"minecraft:iron_ingot":178,"minecraft:iron_pickaxe":4,"minecraft:iron_block":15,"minecraft:gold_ingot":118,"minecraft:netherite_ingot":6,"minecraft:composter":1,"minecraft:furnace":4,"minecraft:oak_trapdoor":20,"minecraft:flint_and_steel":1,"minecraft:netherite_chestplate":1,"minecraft:iron_axe":1,"minecraft:ladder":36,"minecraft:stone_pickaxe":3,"minecraft:diamond_boots":6,"minecraft:netherite_scrap":34,"minecraft:wheat":441,"minecraft:coal_block":4,"minecraft:netherite_pickaxe":1,"minecraft:diamond_sword":6,"minecraft:enchanting_table":1,"minecraft:iron_sword":1,"minecraft:bucket":1,"minecraft:stone_axe":1,"minecraft:enchanted_book":6,"minecraft:bread":270,"minecraft:air":0,"minecraft:oak_fence_gate":20,"minecraft:golden_apple":31,"minecraft:oak_stairs":108,"minecraft:iron_leggings":1,"minecraft:anvil":4,"minecraft:acacia_planks":1864,"minecraft:torch":4,"minecraft:diamond_chestplate":3},"minecraft:dropped":{"minecraft:iron_sword":1,"minecraft:acacia_wood":1,"minecraft:lapis_lazuli":110,"minecraft:glass_bottle":1,"minecraft:diamond":18,"minecraft:crafting_table":1,"minecraft:dark_oak_sapling":22,"minecraft:netherite_upgrade_smithing_template":2,"minecraft:crossbow":2,"minecraft:leather":4,"minecraft:saddle":4,"minecraft:brown_banner":8,"minecraft:elytra":2,"minecraft:rail":30,"minecraft:heavy_core":1,"minecraft:red_mushroom":1,"minecraft:emerald":324,"minecraft:dirt":478,"minecraft:red_bed":1,"minecraft:dark_oak_log":128,"minecraft:mutton":1,"minecraft:scrape_pottery_sherd":1,"minecraft:netherite_boots":1,"minecraft:pumpkin_pie":1,"minecraft:gold_nugget":153,"minecraft:sand":17,"minecraft:iron_pickaxe":2,"minecraft:white_wool":13,"minecraft:bone":1,"minecraft:gravel":297,"minecraft:oak_door":3,"minecraft:blackstone":112,"minecraft:stone_axe":2,"minecraft:purpur_block":1,"minecraft:sugar_cane":22,"minecraft:cooked_chicken":1,"minecraft:chiseled_tuff_bricks":1,"minecraft:cobbled_deepslate":538,"minecraft:wheat":1,"minecraft:birch_sapling":8,"minecraft:rotten_flesh":59,"minecraft:oak_planks":91,"minecraft:nether_brick_fence":1,"minecraft:waxed_copper_block":8,"minecraft:gunpowder":1,"minecraft:chest":12,"minecraft:acacia_sapling":134,"minecraft:basalt":218,"minecraft:arrow":2,"minecraft:beef":15,"minecraft:quartz":1833,"minecraft:netherrack":5048,"minecraft:egg":3,"minecraft:enchanted_book":3,"minecraft:bread":1,"minecraft:iron_ingot":6,"minecraft:stone_hoe":2,"minecraft:water_bucket":1,"minecraft:oak_slab":5,"minecraft:wheat_seeds":225,"minecraft:smithing_table":1,"minecraft:feather":1,"minecraft:waxed_oxidized_cut_copper_stairs":2,"minecraft:diamond_leggings":3,"minecraft:cobblestone":3378,"minecraft:oak_fence":6,"minecraft:iron_helmet":4,"minecraft:granite":52,"minecraft:coal":20,"minecraft:golden_apple":4,"minecraft:stick":4,"minecraft:diorite":668,"minecraft:waxed_weathered_copper_bulb":1,"minecraft:nether_wart_block":1,"minecraft:melon_slice":20,"minecraft:brown_wool":1,"minecraft:map":2,"minecraft:waxed_oxidized_copper":3,"minecraft:iron_leggings":1,"minecraft:orange_bed":2,"minecraft:paper":3,"minecraft:string":7,"minecraft:bucket":2,"minecraft:redstone":64,"minecraft:tuff_bricks":9,"minecraft:soul_soil":12,"minecraft:flow_pottery_sherd":2,"minecraft:nether_wart":10,"minecraft:blaze_rod":10,"minecraft:tuff":105,"minecraft:tall_grass":2,"minecraft:chicken":1,"minecraft:iron_boots":10,"minecraft:totem_of_undying":1,"minecraft:nether_bricks":1,"minecraft:filled_map":1,"minecraft:shield":2,"minecraft:flower_pot":1,"minecraft:diamond_chestplate":3,"minecraft:waxed_cut_copper":2,"minecraft:iron_chestplate":2,"minecraft:andesite":38,"minecraft:oak_sapling":227,"minecraft:waxed_oxidized_cut_copper":1,"minecraft:spider_eye":4,"minecraft:slime_ball":10,"minecraft:bow":9,"minecraft:stone_pickaxe":2,"minecraft:waxed_exposed_copper_bulb":2,"minecraft:magma_block":49,"minecraft:waxed_oxidized_copper_grate":3,"minecraft:brick":36},"minecraft:killed_by":{"minecraft:player":4,"minecraft:skeleton":2},"minecraft:killed":{"minecraft:cave_spider":4,"minecraft:zombified_piglin":2,"minecraft:witch":1,"minecraft:spider":8,"minecraft:shulker":19,"minecraft:skeleton":35,"minecraft:bee":1,"minecraft:chicken":4,"minecraft:magma_cube":2,"minecraft:piglin":1,"minecraft:pig":11,"minecraft:salmon":1,"minecraft:iron_golem":1,"minecraft:creeper":1,"minecraft:sheep":16,"minecraft:pillager":7,"minecraft:zombie":30,"minecraft:blaze":14,"minecraft:cow":1,"minecraft:vindicator":5,"minecraft:slime":8,"minecraft:phantom":1,"minecraft:ravager":2,"minecraft:breeze":3,"minecraft:villager":4,"minecraft:enderman":4},"minecraft:mined":{"minecraft:waxed_cut_copper_slab":5,"minecraft:white_bed":2,"minecraft:brewing_stand":57,"minecraft:obsidian":22,"minecraft:granite":59,"minecraft:acacia_log":25,"minecraft:grass_block":672,"minecraft:soul_soil":16,"minecraft:chiseled_tuff_bricks":5,"minecraft:frosted_ice":9,"minecraft:composter":12,"minecraft:nether_wart":48,"minecraft:tuff_bricks":42,"minecraft:magma_block":138,"minecraft:glowstone":38,"minecraft:cobbled_deepslate":10,"minecraft:iron_ore":22,"minecraft:fire":23,"minecraft:polished_tuff":9,"minecraft:anvil":20,"minecraft:deepslate_lapis_ore":8,"minecraft:fletching_table":2,"minecraft:enchanting_table":2,"minecraft:brown_bed":1,"minecraft:oak_stairs":132,"minecraft:end_stone_bricks":4,"minecraft:green_bed":1,"minecraft:orange_bed":11,"minecraft:waxed_cut_copper":4,"minecraft:deepslate_redstone_ore":19,"minecraft:red_bed":2,"minecraft:blackstone":120,"minecraft:melon_stem":2,"minecraft:purpur_stairs":3,"minecraft:blast_furnace":1,"minecraft:melon":9,"minecraft:chest":67,"minecraft:dead_bush":17,"minecraft:nether_quartz_ore":197,"minecraft:cobblestone":117,"minecraft:grindstone":1,"minecraft:oak_planks":148,"minecraft:sugar_cane":39,"minecraft:wall_torch":2,"minecraft:waxed_copper_bulb":1,"minecraft:nether_wart_block":1,"minecraft:light_gray_stained_glass":1,"minecraft:wheat":106,"minecraft:waxed_oxidized_cut_copper_stairs":2,"minecraft:waxed_copper_block":18,"minecraft:purpur_block":9,"minecraft:oak_log":171,"minecraft:oak_fence_gate":4,"minecraft:waxed_oxidized_copper":6,"minecraft:dirt":297,"minecraft:netherrack":7777,"minecraft:ancient_debris":36,"minecraft:oak_leaves":73,"minecraft:deepslate":988,"minecraft:yellow_terracotta":1,"minecraft:nether_gold_ore":13,"minecraft:tuff":148,"minecraft:deepslate_diamond_ore":35,"minecraft:oak_door":1,"minecraft:end_stone":108,"minecraft:shulker_box":19,"minecraft:nether_bricks":5,"minecraft:decorated_pot":16,"minecraft:hay_block":50,"minecraft:oak_trapdoor":14,"minecraft:waxed_oxidized_cut_copper":7,"minecraft:furnace":8,"minecraft:acacia_wood":3,"minecraft:acacia_stairs":3,"minecraft:andesite":79,"minecraft:nether_brick_fence":1,"minecraft:bookshelf":216,"minecraft:deepslate_iron_ore":6,"minecraft:chorus_plant":5,"minecraft:stone":2705,"minecraft:waxed_weathered_copper_bulb":1,"minecraft:smithing_table":2,"minecraft:oak_slab":137,"minecraft:waxed_exposed_copper_bulb":1,"minecraft:acacia_leaves":2,"minecraft:soul_sand":211,"minecraft:infested_stone_bricks":1,"minecraft:basalt":192,"minecraft:oak_fence":1,"minecraft:crafting_table":23,"minecraft:short_grass":238,"minecraft:rose_bush":2,"minecraft:lectern":14,"minecraft:copper_ore":4,"minecraft:purpur_pillar":13,"minecraft:tall_grass":31,"minecraft:deepslate_gold_ore":24,"minecraft:lapis_ore":1,"minecraft:diorite":490,"minecraft:red_terracotta":1,"minecraft:waxed_oxidized_copper_grate":7,"minecraft:bee_nest":1,"minecraft:coal_ore":44,"minecraft:gravel":197,"minecraft:cobweb":6,"minecraft:stone_bricks":3,"minecraft:chipped_anvil":1,"minecraft:gold_ore":2},"minecraft:picked_up":{"minecraft:shulker_shell":9,"minecraft:wheat":76,"minecraft:flower_pot":1,"minecraft:ender_chest":1,"minecraft:nether_brick_fence":1,"minecraft:anvil":20,"minecraft:smithing_table":2,"minecraft:diamond_sword":1,"minecraft:oak_stairs":132,"minecraft:brown_bed":1,"minecraft:enchanted_book":2,"minecraft:potion":14,"minecraft:brewing_stand":58,"minecraft:string":16,"minecraft:soul_soil":15,"minecraft:raw_copper":24,"minecraft:diamond_leggings":3,"minecraft:gold_nugget":153,"minecraft:cobbled_deepslate":1006,"minecraft:trial_key":5,"minecraft:rose_bush":1,"minecraft:netherite_upgrade_smithing_template":2,"minecraft:melon_slice":56,"minecraft:iron_boots":1,"minecraft:furnace":13,"minecraft:stick":457,"minecraft:composter":12,"minecraft:acacia_log":384,"minecraft:oak_fence":1,"minecraft:purpur_pillar":10,"minecraft:torch":6,"minecraft:green_bed":1,"minecraft:porkchop":30,"minecraft:waxed_weathered_copper_bulb":1,"minecraft:diorite":742,"minecraft:orange_bed":11,"minecraft:honey_bottle":2,"minecraft:rotten_flesh":70,"minecraft:chorus_flower":1,"minecraft:waxed_cut_copper":2,"minecraft:blaze_rod":14,"minecraft:obsidian":21,"minecraft:cobblestone":4016,"minecraft:birch_log":7,"minecraft:enchanting_table":2,"minecraft:magma_block":100,"minecraft:feather":2,"minecraft:magma_cream":11,"minecraft:water_bucket":1,"minecraft:andesite":79,"minecraft:brown_wool":2,"minecraft:potato":5,"minecraft:flint":12,"minecraft:tuff":147,"minecraft:acacia_boat":2,"minecraft:map":1,"minecraft:lapis_lazuli":327,"minecraft:dirt":1053,"minecraft:glass":14,"minecraft:bone":54,"minecraft:chipped_anvil":1,"minecraft:bow":12,"minecraft:wheat_seeds":378,"minecraft:raw_gold":235,"minecraft:grindstone":1,"minecraft:diamond_helmet":1,"minecraft:fletching_table":2,"minecraft:glowstone_dust":97,"minecraft:scrape_pottery_sherd":1,"minecraft:oak_planks":205,"minecraft:stone_hoe":1,"minecraft:cooked_porkchop":2,"minecraft:sand":17,"minecraft:grass_block":12,"minecraft:acacia_stairs":3,"minecraft:red_terracotta":1,"minecraft:dark_oak_log":373,"minecraft:shulker_box":19,"minecraft:diamond":202,"minecraft:waxed_oxidized_copper_grate":7,"minecraft:granite":84,"minecraft:crossbow":2,"minecraft:breeze_rod":5,"minecraft:golden_apple":2,"minecraft:bread":5,"minecraft:emerald":207,"minecraft:oak_sapling":459,"minecraft:chorus_fruit":29,"minecraft:netherrack":5683,"minecraft:ominous_trial_key":1,"minecraft:waxed_oxidized_cut_copper":6,"minecraft:crafting_table":22,"minecraft:ominous_bottle":1,"minecraft:chicken":3,"minecraft:nether_wart":124,"minecraft:wooden_pickaxe":1,"minecraft:purpur_block":4,"minecraft:brick":104,"minecraft:shield":3,"minecraft:wind_charge":8,"minecraft:elytra":3,"minecraft:oak_trapdoor":14,"minecraft:red_bed":2,"minecraft:flow_banner_pattern":1,"minecraft:iron_axe":1,"minecraft:acacia_door":2,"minecraft:item_frame":3,"minecraft:blackstone":112,"minecraft:cartography_table":2,"minecraft:beef":15,"minecraft:lectern":15,"minecraft:guster_pottery_sherd":2,"minecraft:sugar_cane":87,"minecraft:chest":83,"minecraft:birch_sapling":8,"minecraft:waxed_oxidized_copper":6,"minecraft:phantom_membrane":4,"minecraft:egg":3,"minecraft:dark_oak_sapling":22,"minecraft:raw_iron":201,"minecraft:end_stone":110,"minecraft:oak_door":3,"minecraft:fire_charge":8,"minecraft:flow_pottery_sherd":2,"minecraft:carrot":1,"minecraft:redstone":294,"minecraft:arrow":84,"minecraft:diamond_chestplate":2,"minecraft:decorated_pot":4,"minecraft:pumpkin_pie":64,"minecraft:nether_bricks":4,"minecraft:hay_block":49,"minecraft:waxed_oxidized_cut_copper_stairs":2,"minecraft:saddle":4,"minecraft:gold_ingot":5,"minecraft:totem_of_undying":1,"minecraft:tuff_bricks":40,"minecraft:mutton":38,"minecraft:rail":59,"minecraft:white_wool":21,"minecraft:netherite_boots":1,"minecraft:basalt":214,"minecraft:golden_carrot":2,"minecraft:salmon":2,"minecraft:leather":4,"minecraft:red_mushroom":1,"minecraft:acacia_wood":3,"minecraft:purpur_stairs":2,"minecraft:oak_log":2267,"minecraft:waxed_copper_block":18,"minecraft:ancient_debris":35,"minecraft:nether_wart_block":1,"minecraft:gunpowder":1,"minecraft:white_banner":3,"minecraft:apple":106,"minecraft:oak_fence_gate":4,"minecraft:iron_ingot":12,"minecraft:stone_pickaxe":2,"minecraft:cooked_chicken":4,"minecraft:tall_grass":2,"minecraft:glass_bottle":1,"minecraft:soul_sand":194,"minecraft:acacia_sapling":137,"minecraft:book":651,"minecraft:oak_slab":157,"minecraft:emerald_block":1,"minecraft:heavy_core":1,"minecraft:waxed_exposed_copper_bulb":2,"minecraft:quartz":2192,"minecraft:dandelion":2,"minecraft:gravel":345,"minecraft:amethyst_shard":5,"minecraft:blast_furnace":1,"minecraft:white_bed":2,"minecraft:polished_tuff":7,"minecraft:spider_eye":4,"minecraft:diamond_shovel":1,"minecraft:slime_ball":10,"minecraft:stone_axe":3,"minecraft:iron_helmet":2,"minecraft:baked_potato":2,"minecraft:brown_banner":8,"minecraft:chiseled_tuff_bricks":5,"minecraft:coal":333,"minecraft:ender_pearl":2},"minecraft:broken":{"minecraft:stone_pickaxe":1,"minecraft:iron_pickaxe":1},"minecraft:custom":{"minecraft:interact_with_crafting_table":236,"minecraft:open_barrel":13,"minecraft:open_shulker_box":42,"minecraft:bell_ring":3,"minecraft:leave_game":75,"minecraft:time_since_death":385947,"minecraft:sprint_one_cm":1788529,"minecraft:damage_blocked_by_shield":3452,"minecraft:drop":558,"minecraft:talked_to_villager":124,"minecraft:play_time":965353,"minecraft:deaths":9,"minecraft:jump":10948,"minecraft:interact_with_brewingstand":81,"minecraft:walk_on_water_one_cm":78155,"minecraft:enchant_item":26,"minecraft:interact_with_furnace":91,"minecraft:traded_with_villager":388,"minecraft:sleep_in_bed":30,"minecraft:open_enderchest":2,"minecraft:damage_dealt":35910,"minecraft:crouch_one_cm":124826,"minecraft:inspect_dispenser":15,"minecraft:interact_with_smithing_table":9,"minecraft:mob_kills":204,"minecraft:interact_with_anvil":37,"minecraft:climb_one_cm":16046,"minecraft:walk_one_cm":2040032,"minecraft:damage_dealt_absorbed":43,"minecraft:raid_win":1,"minecraft:sneak_time":36341,"minecraft:walk_under_water_one_cm":39108,"minecraft:boat_one_cm":4920,"minecraft:total_world_time":965353,"minecraft:interact_with_grindstone":2,"minecraft:time_since_rest":15108,"minecraft:damage_taken":15891,"minecraft:damage_absorbed":1027,"minecraft:swim_one_cm":52569,"minecraft:fly_one_cm":2345247,"minecraft:open_chest":594,"minecraft:aviate_one_cm":208931,"minecraft:fall_one_cm":295804}},"DataVersion":3839}