{"stats":{"minecraft:picked_up":{"minecraft:crafting_table":3,"minecraft:feather":1,"minecraft:chicken":2,"minecraft:salmon":2,"minecraft:brown_wool":2,"minecraft:wooden_pickaxe":1,"minecraft:oak_log":51,"minecraft:shield":1,"minecraft:dirt":10,"minecraft:wheat_seeds":2,"minecraft:stone_pickaxe":1,"minecraft:melon_slice":56,"minecraft:sugar_cane":8,"minecraft:oak_planks":1,"minecraft:birch_sapling":2,"minecraft:stone_hoe":1,"minecraft:egg":1,"minecraft:furnace":5,"minecraft:stick":20,"minecraft:cooked_porkchop":2,"minecraft:composter":11,"minecraft:porkchop":14,"minecraft:orange_bed":3,"minecraft:rotten_flesh":4,"minecraft:stone_axe":2,"minecraft:hay_block":49,"minecraft:oak_sapling":1,"minecraft:mutton":15,"minecraft:coal":53,"minecraft:white_wool":7,"minecraft:cobblestone":41},"minecraft:killed":{"minecraft:pig":7,"minecraft:salmon":1,"minecraft:sheep":7,"minecraft:chicken":2},"minecraft:crafted":{"minecraft:oak_slab":12,"minecraft:oak_planks":92,"minecraft:cooked_porkchop":2,"minecraft:crafting_table":2,"minecraft:wooden_pickaxe":1,"minecraft:cooked_chicken":1,"minecraft:furnace":2,"minecraft:stone_axe":1,"minecraft:cooked_mutton":4,"minecraft:air":0,"minecraft:stick":20,"minecraft:stone_pickaxe":2,"minecraft:oak_button":1,"minecraft:composter":1,"minecraft:stone_hoe":1,"minecraft:oak_fence":6},"minecraft:dropped":{"minecraft:stone_hoe":1,"minecraft:birch_sapling":2,"minecraft:feather":1,"minecraft:cobblestone":5,"minecraft:oak_planks":41,"minecraft:brown_wool":1,"minecraft:acacia_sapling":1},"minecraft:custom":{"minecraft:interact_with_furnace":13,"minecraft:mob_kills":17,"minecraft:interact_with_crafting_table":14,"minecraft:bell_ring":3,"minecraft:leave_game":9,"minecraft:time_since_death":29783,"minecraft:sleep_in_bed":2,"minecraft:time_since_rest":15037,"minecraft:sprint_one_cm":122990,"minecraft:damage_taken":930,"minecraft:walk_one_cm":103816,"minecraft:drop":8,"minecraft:damage_dealt":1817,"minecraft:swim_one_cm":9110,"minecraft:talked_to_villager":14,"minecraft:fly_one_cm":263843,"minecraft:open_chest":13,"minecraft:crouch_one_cm":4513,"minecraft:play_time":49901,"minecraft:deaths":2,"minecraft:sneak_time":1640,"minecraft:walk_under_water_one_cm":7851,"minecraft:jump":781,"minecraft:walk_on_water_one_cm":4532,"minecraft:total_world_time":49901,"minecraft:fall_one_cm":17688},"minecraft:used":{"minecraft:cooked_mutton":4,"minecraft:stone_pickaxe":68,"minecraft:wooden_pickaxe":4,"minecraft:composter":11,"minecraft:stone_hoe":56,"minecraft:cooked_chicken":1,"minecraft:orange_bed":3,"minecraft:salmon":1,"minecraft:dirt":7,"minecraft:crafting_table":4,"minecraft:stone_axe":89,"minecraft:cobblestone":3,"minecraft:furnace":2,"minecraft:cooked_porkchop":3},"minecraft:mined":{"minecraft:crafting_table":4,"minecraft:short_grass":19,"minecraft:grass_block":4,"minecraft:melon":9,"minecraft:dead_bush":17,"minecraft:cobblestone":2,"minecraft:composter":11,"minecraft:sugar_cane":3,"minecraft:hay_block":50,"minecraft:furnace":3,"minecraft:oak_log":34,"minecraft:coal_ore":32,"minecraft:dirt":4,"minecraft:stone":34,"minecraft:oak_leaves":3,"minecraft:orange_bed":3},"minecraft:killed_by":{"minecraft:player":1,"minecraft:skeleton":1}},"DataVersion":3839}