{"stats":{"minecraft:picked_up":{"minecraft:cocoa_beans":11,"minecraft:crafting_table":1,"minecraft:feather":4,"minecraft:chicken":2,"minecraft:jungle_log":5,"minecraft:andesite":9,"minecraft:leather":2,"minecraft:oak_log":10,"minecraft:diorite":2,"minecraft:lapis_lazuli":11,"minecraft:dirt":6,"minecraft:beef":4,"minecraft:poppy":1,"minecraft:bamboo":1,"minecraft:melon_slice":19,"minecraft:coal":26,"minecraft:furnace":2,"minecraft:cobblestone":70,"minecraft:egg":2},"minecraft:killed":{"minecraft:zombie":1,"minecraft:chicken":2,"minecraft:cow":2},"minecraft:mined":{"minecraft:furnace":2,"minecraft:andesite":9,"minecraft:crafting_table":1,"minecraft:short_grass":9,"minecraft:grass_block":2,"minecraft:oak_log":10,"minecraft:coal_ore":26,"minecraft:poppy":1,"minecraft:melon":5,"minecraft:cocoa":1,"minecraft:vine":4,"minecraft:jungle_log":5,"minecraft:dirt":5,"minecraft:lapis_ore":2,"minecraft:stone":70,"minecraft:diorite":2,"minecraft:oak_leaves":5,"minecraft:fern":2},"minecraft:crafted":{"minecraft:cooked_beef":4,"minecraft:oak_planks":40,"minecraft:crafting_table":1,"minecraft:stick":8,"minecraft:wooden_pickaxe":1,"minecraft:cooked_chicken":2,"minecraft:stone_pickaxe":1,"minecraft:furnace":2,"minecraft:stone_axe":1,"minecraft:air":0,"minecraft:jungle_planks":20},"minecraft:custom":{"minecraft:time_since_rest":21311,"minecraft:interact_with_furnace":4,"minecraft:sprint_one_cm":26865,"minecraft:damage_taken":125,"minecraft:walk_one_cm":30019,"minecraft:mob_kills":5,"minecraft:drop":2,"minecraft:damage_dealt":670,"minecraft:swim_one_cm":2098,"minecraft:interact_with_crafting_table":14,"minecraft:fly_one_cm":27141,"minecraft:play_time":21311,"minecraft:crouch_one_cm":3412,"minecraft:sneak_time":1579,"minecraft:walk_under_water_one_cm":258,"minecraft:jump":241,"minecraft:leave_game":5,"minecraft:time_since_death":21311,"minecraft:walk_on_water_one_cm":1161,"minecraft:total_world_time":21311,"minecraft:climb_one_cm":2327,"minecraft:fall_one_cm":5027},"minecraft:dropped":{"minecraft:cocoa_beans":5,"minecraft:bamboo":1},"minecraft:used":{"minecraft:stone_pickaxe":110,"minecraft:wooden_pickaxe":3,"minecraft:cobblestone":4,"minecraft:stone_axe":38,"minecraft:dirt":6,"minecraft:crafting_table":1,"minecraft:furnace":2,"minecraft:andesite":1,"minecraft:cooked_beef":2}},"DataVersion":3839}