{"stats":{"minecraft:broken":{"minecraft:stone_pickaxe":1,"minecraft:iron_pickaxe":1},"minecraft:mined":{"minecraft:waxed_cut_copper_slab":5,"minecraft:white_bed":1,"minecraft:brewing_stand":6,"minecraft:granite":51,"minecraft:acacia_log":25,"minecraft:grass_block":387,"minecraft:soul_soil":3,"minecraft:chiseled_tuff_bricks":5,"minecraft:composter":12,"minecraft:nether_wart":29,"minecraft:tuff_bricks":42,"minecraft:magma_block":138,"minecraft:glowstone":10,"minecraft:fire":11,"minecraft:iron_ore":22,"minecraft:cobbled_deepslate":10,"minecraft:polished_tuff":9,"minecraft:deepslate_lapis_ore":8,"minecraft:fletching_table":2,"minecraft:anvil":2,"minecraft:brown_bed":1,"minecraft:end_stone_bricks":4,"minecraft:green_bed":1,"minecraft:orange_bed":11,"minecraft:waxed_cut_copper":4,"minecraft:deepslate_redstone_ore":19,"minecraft:red_bed":2,"minecraft:blackstone":120,"minecraft:melon_stem":2,"minecraft:purpur_stairs":3,"minecraft:blast_furnace":1,"minecraft:melon":9,"minecraft:chest":5,"minecraft:dead_bush":17,"minecraft:nether_quartz_ore":172,"minecraft:cobblestone":34,"minecraft:sugar_cane":39,"minecraft:oak_planks":4,"minecraft:wall_torch":1,"minecraft:waxed_copper_bulb":1,"minecraft:light_gray_stained_glass":1,"minecraft:wheat":106,"minecraft:waxed_oxidized_cut_copper_stairs":2,"minecraft:waxed_copper_block":18,"minecraft:purpur_block":9,"minecraft:oak_log":35,"minecraft:waxed_oxidized_copper":6,"minecraft:dirt":82,"minecraft:ancient_debris":36,"minecraft:netherrack":7556,"minecraft:oak_leaves":8,"minecraft:deepslate":988,"minecraft:yellow_terracotta":1,"minecraft:nether_gold_ore":12,"minecraft:tuff":148,"minecraft:deepslate_diamond_ore":35,"minecraft:oak_door":1,"minecraft:shulker_box":6,"minecraft:end_stone":108,"minecraft:nether_bricks":5,"minecraft:decorated_pot":16,"minecraft:hay_block":50,"minecraft:waxed_oxidized_cut_copper":7,"minecraft:furnace":8,"minecraft:acacia_wood":3,"minecraft:acacia_stairs":3,"minecraft:nether_brick_fence":1,"minecraft:bookshelf":179,"minecraft:deepslate_iron_ore":6,"minecraft:chorus_plant":5,"minecraft:stone":461,"minecraft:waxed_weathered_copper_bulb":1,"minecraft:smithing_table":2,"minecraft:waxed_exposed_copper_bulb":1,"minecraft:acacia_leaves":2,"minecraft:infested_stone_bricks":1,"minecraft:basalt":192,"minecraft:oak_fence":1,"minecraft:crafting_table":14,"minecraft:short_grass":141,"minecraft:lectern":14,"minecraft:purpur_pillar":13,"minecraft:tall_grass":12,"minecraft:deepslate_gold_ore":24,"minecraft:lapis_ore":1,"minecraft:diorite":2,"minecraft:red_terracotta":1,"minecraft:waxed_oxidized_copper_grate":7,"minecraft:coal_ore":41,"minecraft:gravel":162,"minecraft:cobweb":6,"minecraft:stone_bricks":3,"minecraft:chipped_anvil":1,"minecraft:gold_ore":2},"minecraft:killed_by":{"minecraft:player":4,"minecraft:skeleton":2},"minecraft:crafted":{"minecraft:oak_planks":2424,"minecraft:blaze_powder":16,"minecraft:cooked_chicken":1,"minecraft:diamond_shovel":1,"minecraft:shulker_box":3,"minecraft:cooked_mutton":4,"minecraft:glass":50,"minecraft:diamond_helmet":2,"minecraft:diamond_leggings":3,"minecraft:bow":3,"minecraft:iron_boots":9,"minecraft:chest":5,"minecraft:oak_button":1,"minecraft:netherite_upgrade_smithing_template":10,"minecraft:stone_hoe":1,"minecraft:oak_fence":6,"minecraft:glass_bottle":48,"minecraft:oak_slab":12,"minecraft:arrow":656,"minecraft:emerald":285,"minecraft:cooked_porkchop":2,"minecraft:diamond_axe":2,"minecraft:crafting_table":4,"minecraft:wooden_pickaxe":1,"minecraft:iron_helmet":1,"minecraft:fletching_table":5,"minecraft:brewing_stand":4,"minecraft:birch_planks":40,"minecraft:apple":72,"minecraft:iron_chestplate":2,"minecraft:diamond_pickaxe":5,"minecraft:shield":3,"minecraft:stick":7600,"minecraft:iron_ingot":178,"minecraft:iron_pickaxe":4,"minecraft:iron_block":15,"minecraft:gold_ingot":118,"minecraft:netherite_ingot":6,"minecraft:composter":1,"minecraft:furnace":4,"minecraft:flint_and_steel":1,"minecraft:netherite_chestplate":1,"minecraft:iron_axe":1,"minecraft:stone_pickaxe":3,"minecraft:diamond_boots":6,"minecraft:netherite_scrap":34,"minecraft:wheat":441,"minecraft:coal_block":4,"minecraft:netherite_pickaxe":1,"minecraft:diamond_sword":6,"minecraft:iron_sword":1,"minecraft:bucket":1,"minecraft:stone_axe":1,"minecraft:enchanted_book":6,"minecraft:bread":270,"minecraft:air":0,"minecraft:golden_apple":23,"minecraft:iron_leggings":1,"minecraft:anvil":4,"minecraft:acacia_planks":1512,"minecraft:torch":4,"minecraft:diamond_chestplate":3},"minecraft:used":{"minecraft:tuff_bricks":31,"minecraft:elytra":3,"minecraft:chest":7,"minecraft:shield":43,"minecraft:iron_sword":29,"minecraft:nether_wart":19,"minecraft:nether_bricks":3,"minecraft:snowball":2,"minecraft:waxed_oxidized_copper":3,"minecraft:waxed_oxidized_copper_grate":4,"minecraft:iron_helmet":1,"minecraft:netherite_boots":1,"minecraft:bow":22,"minecraft:furnace":9,"minecraft:potato":1,"minecraft:diamond_boots":5,"minecraft:chorus_fruit":1,"minecraft:stone_pickaxe":241,"minecraft:oak_planks":13,"minecraft:ender_pearl":2,"minecraft:wooden_pickaxe":4,"minecraft:composter":13,"minecraft:diamond_axe":321,"minecraft:golden_apple":17,"minecraft:purpur_stairs":1,"minecraft:netherite_leggings":1,"minecraft:blast_furnace":1,"minecraft:netherite_helmet":1,"minecraft:end_stone":110,"minecraft:polished_tuff":4,"minecraft:bread":160,"minecraft:melon_slice":23,"minecraft:lectern":15,"minecraft:gravel":51,"minecraft:chiseled_tuff_bricks":2,"minecraft:diamond_sword":426,"minecraft:smithing_table":1,"minecraft:air":1,"minecraft:acacia_log":12,"minecraft:flint_and_steel":1,"minecraft:ender_chest":1,"minecraft:netherrack":289,"minecraft:stone_hoe":56,"minecraft:cooked_chicken":2,"minecraft:trial_key":3,"minecraft:orange_bed":9,"minecraft:torch":4,"minecraft:brewing_stand":11,"minecraft:dirt":72,"minecraft:anvil":5,"minecraft:chorus_flower":1,"minecraft:diamond_helmet":5,"minecraft:shulker_box":9,"minecraft:granite":2,"minecraft:chipped_anvil":1,"minecraft:bookshelf":5,"minecraft:iron_axe":30,"minecraft:totem_of_undying":1,"minecraft:diamond_chestplate":3,"minecraft:basalt":16,"minecraft:golden_carrot":8,"minecraft:netherite_pickaxe":1919,"minecraft:cobbled_deepslate":124,"minecraft:cooked_mutton":4,"minecraft:wheat_seeds":105,"minecraft:acacia_boat":2,"minecraft:water_bucket":24,"minecraft:glass_bottle":26,"minecraft:netherite_chestplate":6,"minecraft:baked_potato":1,"minecraft:cartography_table":2,"minecraft:waxed_oxidized_cut_copper":5,"minecraft:fletching_table":5,"minecraft:salmon":1,"minecraft:crafting_table":16,"minecraft:red_bed":1,"minecraft:white_bed":1,"minecraft:oak_log":20,"minecraft:diamond_pickaxe":8034,"minecraft:diamond_shovel":569,"minecraft:ominous_trial_key":1,"minecraft:wind_charge":11,"minecraft:oak_button":1,"minecraft:iron_pickaxe":203,"minecraft:map":1,"minecraft:stone_axe":97,"minecraft:cobblestone":70,"minecraft:potion":1,"minecraft:white_banner":3,"minecraft:cooked_porkchop":3,"minecraft:bucket":26,"minecraft:pumpkin_pie":6,"minecraft:splash_potion":4,"minecraft:diamond_leggings":3},"minecraft:custom":{"minecraft:interact_with_crafting_table":125,"minecraft:open_barrel":13,"minecraft:open_shulker_box":9,"minecraft:bell_ring":3,"minecraft:leave_game":33,"minecraft:time_since_death":12386,"minecraft:sprint_one_cm":1136458,"minecraft:damage_blocked_by_shield":3452,"minecraft:drop":396,"minecraft:talked_to_villager":122,"minecraft:play_time":591792,"minecraft:deaths":9,"minecraft:jump":7830,"minecraft:interact_with_brewingstand":80,"minecraft:walk_on_water_one_cm":56604,"minecraft:enchant_item":26,"minecraft:interact_with_furnace":85,"minecraft:traded_with_villager":388,"minecraft:sleep_in_bed":18,"minecraft:open_enderchest":2,"minecraft:damage_dealt":28348,"minecraft:crouch_one_cm":62692,"minecraft:inspect_dispenser":15,"minecraft:interact_with_smithing_table":9,"minecraft:mob_kills":168,"minecraft:interact_with_anvil":24,"minecraft:climb_one_cm":10887,"minecraft:walk_one_cm":1074531,"minecraft:raid_win":1,"minecraft:sneak_time":18403,"minecraft:walk_under_water_one_cm":34279,"minecraft:boat_one_cm":4920,"minecraft:total_world_time":591792,"minecraft:time_since_rest":12444,"minecraft:damage_taken":12201,"minecraft:damage_absorbed":651,"minecraft:swim_one_cm":42633,"minecraft:fly_one_cm":1788901,"minecraft:open_chest":421,"minecraft:aviate_one_cm":26551,"minecraft:fall_one_cm":221949},"minecraft:killed":{"minecraft:cave_spider":4,"minecraft:witch":1,"minecraft:spider":5,"minecraft:shulker":14,"minecraft:skeleton":31,"minecraft:chicken":3,"minecraft:magma_cube":2,"minecraft:piglin":1,"minecraft:pig":11,"minecraft:salmon":1,"minecraft:iron_golem":1,"minecraft:creeper":1,"minecraft:sheep":15,"minecraft:pillager":7,"minecraft:zombie":19,"minecraft:blaze":14,"minecraft:vindicator":5,"minecraft:slime":8,"minecraft:phantom":1,"minecraft:ravager":2,"minecraft:breeze":3,"minecraft:enderman":4},"minecraft:picked_up":{"minecraft:shulker_shell":6,"minecraft:wheat":76,"minecraft:anvil":2,"minecraft:ender_chest":1,"minecraft:nether_brick_fence":1,"minecraft:flower_pot":1,"minecraft:smithing_table":2,"minecraft:diamond_sword":1,"minecraft:brown_bed":1,"minecraft:potion":14,"minecraft:enchanted_book":1,"minecraft:brewing_stand":7,"minecraft:string":15,"minecraft:soul_soil":6,"minecraft:diamond_leggings":3,"minecraft:gold_nugget":141,"minecraft:cobbled_deepslate":1006,"minecraft:trial_key":5,"minecraft:netherite_upgrade_smithing_template":2,"minecraft:melon_slice":56,"minecraft:iron_boots":1,"minecraft:furnace":13,"minecraft:stick":152,"minecraft:composter":12,"minecraft:green_bed":1,"minecraft:oak_fence":1,"minecraft:acacia_log":384,"minecraft:torch":5,"minecraft:purpur_pillar":10,"minecraft:porkchop":30,"minecraft:waxed_weathered_copper_bulb":1,"minecraft:diorite":2,"minecraft:orange_bed":11,"minecraft:honey_bottle":2,"minecraft:rotten_flesh":44,"minecraft:chorus_flower":1,"minecraft:waxed_cut_copper":2,"minecraft:blaze_rod":14,"minecraft:cobblestone":502,"minecraft:magma_block":100,"minecraft:feather":1,"minecraft:magma_cream":11,"minecraft:water_bucket":1,"minecraft:brown_wool":2,"minecraft:potato":5,"minecraft:flint":11,"minecraft:tuff":147,"minecraft:acacia_boat":2,"minecraft:map":1,"minecraft:lapis_lazuli":327,"minecraft:dirt":591,"minecraft:bone":51,"minecraft:glass":14,"minecraft:chipped_anvil":1,"minecraft:bow":12,"minecraft:wheat_seeds":355,"minecraft:raw_gold":235,"minecraft:diamond_helmet":1,"minecraft:fletching_table":2,"minecraft:glowstone_dust":34,"minecraft:stone_hoe":1,"minecraft:oak_planks":5,"minecraft:scrape_pottery_sherd":1,"minecraft:cooked_porkchop":2,"minecraft:sand":16,"minecraft:acacia_stairs":3,"minecraft:red_terracotta":1,"minecraft:dark_oak_log":373,"minecraft:shulker_box":6,"minecraft:diamond":202,"minecraft:waxed_oxidized_copper_grate":7,"minecraft:breeze_rod":5,"minecraft:crossbow":2,"minecraft:granite":60,"minecraft:golden_apple":2,"minecraft:emerald":207,"minecraft:bread":5,"minecraft:oak_sapling":104,"minecraft:netherrack":5502,"minecraft:chorus_fruit":29,"minecraft:ominous_trial_key":1,"minecraft:waxed_oxidized_cut_copper":6,"minecraft:crafting_table":13,"minecraft:ominous_bottle":1,"minecraft:chicken":2,"minecraft:nether_wart":58,"minecraft:wooden_pickaxe":1,"minecraft:purpur_block":4,"minecraft:brick":104,"minecraft:shield":3,"minecraft:wind_charge":8,"minecraft:flow_banner_pattern":1,"minecraft:elytra":3,"minecraft:red_bed":2,"minecraft:iron_axe":1,"minecraft:acacia_door":2,"minecraft:item_frame":3,"minecraft:blackstone":112,"minecraft:cartography_table":2,"minecraft:lectern":15,"minecraft:guster_pottery_sherd":2,"minecraft:sugar_cane":60,"minecraft:chest":5,"minecraft:birch_sapling":2,"minecraft:phantom_membrane":4,"minecraft:waxed_oxidized_copper":6,"minecraft:egg":1,"minecraft:dark_oak_sapling":22,"minecraft:raw_iron":201,"minecraft:end_stone":110,"minecraft:oak_door":3,"minecraft:fire_charge":8,"minecraft:flow_pottery_sherd":2,"minecraft:carrot":1,"minecraft:redstone":294,"minecraft:arrow":78,"minecraft:diamond_chestplate":2,"minecraft:decorated_pot":4,"minecraft:pumpkin_pie":64,"minecraft:nether_bricks":4,"minecraft:waxed_oxidized_cut_copper_stairs":2,"minecraft:hay_block":49,"minecraft:saddle":4,"minecraft:gold_ingot":5,"minecraft:totem_of_undying":1,"minecraft:tuff_bricks":40,"minecraft:mutton":37,"minecraft:rail":59,"minecraft:white_wool":19,"minecraft:netherite_boots":1,"minecraft:basalt":214,"minecraft:golden_carrot":2,"minecraft:salmon":2,"minecraft:leather":3,"minecraft:acacia_wood":3,"minecraft:purpur_stairs":2,"minecraft:oak_log":654,"minecraft:waxed_copper_block":18,"minecraft:ancient_debris":35,"minecraft:gunpowder":1,"minecraft:white_banner":3,"minecraft:apple":21,"minecraft:iron_ingot":12,"minecraft:stone_pickaxe":2,"minecraft:cooked_chicken":4,"minecraft:tall_grass":2,"minecraft:glass_bottle":1,"minecraft:acacia_sapling":137,"minecraft:book":540,"minecraft:emerald_block":1,"minecraft:quartz":1983,"minecraft:waxed_exposed_copper_bulb":2,"minecraft:gravel":279,"minecraft:amethyst_shard":5,"minecraft:blast_furnace":1,"minecraft:white_bed":1,"minecraft:polished_tuff":7,"minecraft:spider_eye":2,"minecraft:diamond_shovel":1,"minecraft:slime_ball":10,"minecraft:stone_axe":3,"minecraft:iron_helmet":2,"minecraft:baked_potato":2,"minecraft:brown_banner":8,"minecraft:chiseled_tuff_bricks":5,"minecraft:coal":244,"minecraft:ender_pearl":2},"minecraft:dropped":{"minecraft:iron_sword":1,"minecraft:acacia_wood":1,"minecraft:lapis_lazuli":110,"minecraft:glass_bottle":1,"minecraft:diamond":18,"minecraft:dark_oak_sapling":22,"minecraft:crossbow":2,"minecraft:netherite_upgrade_smithing_template":2,"minecraft:leather":3,"minecraft:saddle":4,"minecraft:brown_banner":8,"minecraft:elytra":2,"minecraft:rail":30,"minecraft:emerald":324,"minecraft:dirt":212,"minecraft:red_bed":1,"minecraft:dark_oak_log":128,"minecraft:scrape_pottery_sherd":1,"minecraft:netherite_boots":1,"minecraft:gold_nugget":141,"minecraft:sand":16,"minecraft:iron_pickaxe":2,"minecraft:white_wool":12,"minecraft:oak_door":3,"minecraft:gravel":235,"minecraft:stone_axe":2,"minecraft:blackstone":112,"minecraft:purpur_block":1,"minecraft:sugar_cane":8,"minecraft:cooked_chicken":1,"minecraft:chiseled_tuff_bricks":1,"minecraft:cobbled_deepslate":538,"minecraft:wheat":1,"minecraft:birch_sapling":2,"minecraft:rotten_flesh":33,"minecraft:oak_planks":43,"minecraft:nether_brick_fence":1,"minecraft:waxed_copper_block":8,"minecraft:gunpowder":1,"minecraft:acacia_sapling":134,"minecraft:basalt":218,"minecraft:arrow":2,"minecraft:quartz":1624,"minecraft:netherrack":4920,"minecraft:egg":1,"minecraft:enchanted_book":2,"minecraft:stone_hoe":2,"minecraft:water_bucket":1,"minecraft:iron_ingot":6,"minecraft:oak_slab":5,"minecraft:wheat_seeds":224,"minecraft:smithing_table":1,"minecraft:feather":1,"minecraft:waxed_oxidized_cut_copper_stairs":2,"minecraft:diamond_leggings":3,"minecraft:oak_fence":6,"minecraft:cobblestone":309,"minecraft:iron_helmet":4,"minecraft:granite":28,"minecraft:coal":20,"minecraft:golden_apple":4,"minecraft:stick":4,"minecraft:diorite":2,"minecraft:waxed_weathered_copper_bulb":1,"minecraft:melon_slice":20,"minecraft:brown_wool":1,"minecraft:map":2,"minecraft:waxed_oxidized_copper":3,"minecraft:iron_leggings":1,"minecraft:orange_bed":2,"minecraft:paper":3,"minecraft:string":6,"minecraft:bucket":2,"minecraft:redstone":64,"minecraft:tuff_bricks":9,"minecraft:soul_soil":3,"minecraft:flow_pottery_sherd":2,"minecraft:blaze_rod":10,"minecraft:tuff":105,"minecraft:tall_grass":2,"minecraft:chicken":1,"minecraft:iron_boots":10,"minecraft:nether_bricks":1,"minecraft:filled_map":1,"minecraft:shield":2,"minecraft:flower_pot":1,"minecraft:diamond_chestplate":3,"minecraft:waxed_cut_copper":2,"minecraft:iron_chestplate":2,"minecraft:oak_sapling":39,"minecraft:waxed_oxidized_cut_copper":1,"minecraft:spider_eye":2,"minecraft:slime_ball":10,"minecraft:bow":9,"minecraft:stone_pickaxe":2,"minecraft:waxed_exposed_copper_bulb":2,"minecraft:magma_block":49,"minecraft:waxed_oxidized_copper_grate":3,"minecraft:brick":36}},"DataVersion":3839}