{"stats":{"minecraft:picked_up":{"minecraft:wheat":76,"minecraft:nether_brick_fence":1,"minecraft:anvil":1,"minecraft:diamond_sword":1,"minecraft:potion":1,"minecraft:enchanted_book":1,"minecraft:string":6,"minecraft:soul_soil":6,"minecraft:gold_nugget":141,"minecraft:cobbled_deepslate":1004,"minecraft:trial_key":3,"minecraft:melon_slice":56,"minecraft:iron_boots":1,"minecraft:furnace":9,"minecraft:stick":81,"minecraft:composter":12,"minecraft:oak_fence":1,"minecraft:acacia_log":372,"minecraft:porkchop":21,"minecraft:waxed_weathered_copper_bulb":1,"minecraft:diorite":2,"minecraft:orange_bed":3,"minecraft:honey_bottle":2,"minecraft:rotten_flesh":33,"minecraft:waxed_cut_copper":2,"minecraft:blaze_rod":10,"minecraft:cobblestone":407,"minecraft:magma_block":49,"minecraft:feather":1,"minecraft:water_bucket":1,"minecraft:brown_wool":2,"minecraft:flint":2,"minecraft:tuff":147,"minecraft:map":1,"minecraft:lapis_lazuli":262,"minecraft:dirt":35,"minecraft:bone":39,"minecraft:bow":8,"minecraft:wheat_seeds":334,"minecraft:raw_gold":154,"minecraft:diamond_helmet":1,"minecraft:oak_planks":5,"minecraft:stone_hoe":1,"minecraft:cooked_porkchop":2,"minecraft:dark_oak_log":373,"minecraft:diamond":191,"minecraft:breeze_rod":2,"minecraft:granite":60,"minecraft:emerald":13,"minecraft:oak_sapling":33,"minecraft:netherrack":4938,"minecraft:waxed_oxidized_cut_copper":5,"minecraft:crafting_table":11,"minecraft:chicken":2,"minecraft:ominous_bottle":1,"minecraft:nether_wart":11,"minecraft:wooden_pickaxe":1,"minecraft:shield":1,"minecraft:brick":36,"minecraft:wind_charge":8,"minecraft:iron_axe":1,"minecraft:blackstone":112,"minecraft:cartography_table":2,"minecraft:lectern":7,"minecraft:sugar_cane":44,"minecraft:birch_sapling":2,"minecraft:egg":1,"minecraft:dark_oak_sapling":22,"minecraft:raw_iron":201,"minecraft:oak_door":3,"minecraft:carrot":1,"minecraft:redstone":294,"minecraft:arrow":35,"minecraft:nether_bricks":4,"minecraft:hay_block":49,"minecraft:waxed_oxidized_cut_copper_stairs":1,"minecraft:tuff_bricks":29,"minecraft:mutton":25,"minecraft:white_wool":19,"minecraft:rail":59,"minecraft:basalt":214,"minecraft:golden_carrot":1,"minecraft:salmon":2,"minecraft:leather":1,"minecraft:oak_log":91,"minecraft:waxed_copper_block":7,"minecraft:ancient_debris":11,"minecraft:gunpowder":1,"minecraft:apple":6,"minecraft:iron_ingot":6,"minecraft:stone_pickaxe":2,"minecraft:acacia_sapling":124,"minecraft:book":534,"minecraft:quartz":1857,"minecraft:gravel":65,"minecraft:blast_furnace":1,"minecraft:stone_axe":3,"minecraft:iron_helmet":2,"minecraft:chiseled_tuff_bricks":1,"minecraft:coal":156},"minecraft:crafted":{"minecraft:oak_planks":172,"minecraft:cooked_chicken":1,"minecraft:diamond_shovel":1,"minecraft:cooked_mutton":4,"minecraft:diamond_helmet":2,"minecraft:diamond_leggings":2,"minecraft:bow":3,"minecraft:iron_boots":9,"minecraft:oak_button":1,"minecraft:stone_hoe":1,"minecraft:oak_fence":6,"minecraft:oak_slab":12,"minecraft:arrow":16,"minecraft:emerald":143,"minecraft:cooked_porkchop":2,"minecraft:diamond_axe":2,"minecraft:crafting_table":3,"minecraft:wooden_pickaxe":1,"minecraft:iron_helmet":1,"minecraft:fletching_table":1,"minecraft:birch_planks":40,"minecraft:apple":72,"minecraft:iron_chestplate":2,"minecraft:diamond_pickaxe":5,"minecraft:shield":2,"minecraft:stick":3136,"minecraft:iron_ingot":178,"minecraft:iron_pickaxe":4,"minecraft:iron_block":15,"minecraft:gold_ingot":38,"minecraft:composter":1,"minecraft:furnace":2,"minecraft:iron_axe":1,"minecraft:stone_pickaxe":3,"minecraft:diamond_boots":4,"minecraft:wheat":441,"minecraft:coal_block":2,"minecraft:diamond_sword":6,"minecraft:iron_sword":1,"minecraft:bucket":1,"minecraft:stone_axe":1,"minecraft:bread":270,"minecraft:air":0,"minecraft:golden_apple":5,"minecraft:iron_leggings":1,"minecraft:anvil":4,"minecraft:acacia_planks":1464,"minecraft:torch":4,"minecraft:diamond_chestplate":2},"minecraft:killed":{"minecraft:spider":3,"minecraft:skeleton":19,"minecraft:chicken":2,"minecraft:magma_cube":2,"minecraft:piglin":1,"minecraft:pig":11,"minecraft:salmon":1,"minecraft:creeper":1,"minecraft:sheep":15,"minecraft:zombie":11,"minecraft:blaze":14,"minecraft:breeze":2,"minecraft:enderman":1},"minecraft:used":{"minecraft:tuff_bricks":23,"minecraft:shield":39,"minecraft:iron_sword":29,"minecraft:nether_wart":1,"minecraft:nether_bricks":3,"minecraft:snowball":2,"minecraft:iron_helmet":1,"minecraft:bow":3,"minecraft:furnace":5,"minecraft:diamond_boots":3,"minecraft:stone_pickaxe":241,"minecraft:oak_planks":13,"minecraft:wooden_pickaxe":4,"minecraft:composter":13,"minecraft:diamond_axe":275,"minecraft:golden_apple":3,"minecraft:blast_furnace":1,"minecraft:melon_slice":23,"minecraft:bread":101,"minecraft:lectern":7,"minecraft:gravel":51,"minecraft:diamond_sword":135,"minecraft:acacia_log":12,"minecraft:trial_key":3,"minecraft:stone_hoe":56,"minecraft:cooked_chicken":1,"minecraft:netherrack":122,"minecraft:orange_bed":3,"minecraft:torch":4,"minecraft:dirt":18,"minecraft:anvil":5,"minecraft:diamond_helmet":5,"minecraft:granite":2,"minecraft:iron_axe":30,"minecraft:diamond_chestplate":2,"minecraft:cobbled_deepslate":124,"minecraft:wheat_seeds":105,"minecraft:cooked_mutton":4,"minecraft:water_bucket":10,"minecraft:cartography_table":2,"minecraft:waxed_oxidized_cut_copper":5,"minecraft:fletching_table":1,"minecraft:salmon":1,"minecraft:crafting_table":13,"minecraft:oak_log":20,"minecraft:diamond_pickaxe":6087,"minecraft:diamond_shovel":25,"minecraft:wind_charge":8,"minecraft:oak_button":1,"minecraft:iron_pickaxe":203,"minecraft:map":1,"minecraft:stone_axe":97,"minecraft:cobblestone":68,"minecraft:cooked_porkchop":3,"minecraft:bucket":12,"minecraft:diamond_leggings":2},"minecraft:mined":{"minecraft:waxed_cut_copper_slab":5,"minecraft:granite":51,"minecraft:acacia_log":23,"minecraft:grass_block":9,"minecraft:soul_soil":3,"minecraft:chiseled_tuff_bricks":1,"minecraft:composter":12,"minecraft:nether_wart":11,"minecraft:tuff_bricks":32,"minecraft:magma_block":60,"minecraft:iron_ore":22,"minecraft:cobbled_deepslate":10,"minecraft:fire":5,"minecraft:polished_tuff":2,"minecraft:deepslate_lapis_ore":8,"minecraft:anvil":1,"minecraft:orange_bed":3,"minecraft:waxed_cut_copper":4,"minecraft:deepslate_redstone_ore":19,"minecraft:blackstone":65,"minecraft:melon_stem":2,"minecraft:blast_furnace":1,"minecraft:melon":9,"minecraft:dead_bush":17,"minecraft:nether_quartz_ore":114,"minecraft:cobblestone":28,"minecraft:sugar_cane":39,"minecraft:oak_planks":4,"minecraft:wall_torch":1,"minecraft:waxed_copper_bulb":1,"minecraft:light_gray_stained_glass":1,"minecraft:wheat":106,"minecraft:waxed_oxidized_cut_copper_stairs":1,"minecraft:waxed_copper_block":7,"minecraft:oak_log":34,"minecraft:dirt":17,"minecraft:ancient_debris":11,"minecraft:netherrack":4270,"minecraft:oak_leaves":3,"minecraft:deepslate":986,"minecraft:nether_gold_ore":4,"minecraft:tuff":148,"minecraft:deepslate_diamond_ore":35,"minecraft:oak_door":1,"minecraft:nether_bricks":5,"minecraft:hay_block":50,"minecraft:waxed_oxidized_cut_copper":5,"minecraft:furnace":6,"minecraft:nether_brick_fence":1,"minecraft:bookshelf":179,"minecraft:deepslate_iron_ore":6,"minecraft:waxed_weathered_copper_bulb":1,"minecraft:stone":376,"minecraft:waxed_exposed_copper_bulb":1,"minecraft:acacia_leaves":2,"minecraft:infested_stone_bricks":1,"minecraft:basalt":156,"minecraft:oak_fence":1,"minecraft:crafting_table":12,"minecraft:short_grass":67,"minecraft:lectern":7,"minecraft:tall_grass":2,"minecraft:lapis_ore":1,"minecraft:deepslate_gold_ore":24,"minecraft:diorite":2,"minecraft:coal_ore":40,"minecraft:gravel":72,"minecraft:cobweb":3,"minecraft:stone_bricks":3,"minecraft:gold_ore":2},"minecraft:broken":{"minecraft:stone_pickaxe":1,"minecraft:iron_pickaxe":1},"minecraft:custom":{"minecraft:interact_with_crafting_table":76,"minecraft:open_barrel":6,"minecraft:bell_ring":3,"minecraft:leave_game":22,"minecraft:time_since_death":65505,"minecraft:sprint_one_cm":612035,"minecraft:damage_blocked_by_shield":2932,"minecraft:drop":292,"minecraft:talked_to_villager":77,"minecraft:play_time":360276,"minecraft:deaths":4,"minecraft:jump":4303,"minecraft:interact_with_brewingstand":1,"minecraft:walk_on_water_one_cm":37205,"minecraft:enchant_item":21,"minecraft:interact_with_furnace":53,"minecraft:traded_with_villager":200,"minecraft:sleep_in_bed":8,"minecraft:damage_dealt":12865,"minecraft:crouch_one_cm":47304,"minecraft:inspect_dispenser":12,"minecraft:mob_kills":87,"minecraft:interact_with_anvil":14,"minecraft:climb_one_cm":6066,"minecraft:walk_one_cm":658415,"minecraft:sneak_time":13926,"minecraft:walk_under_water_one_cm":24488,"minecraft:total_world_time":360276,"minecraft:time_since_rest":65533,"minecraft:damage_taken":6480,"minecraft:damage_absorbed":124,"minecraft:swim_one_cm":25391,"minecraft:fly_one_cm":762669,"minecraft:open_chest":147,"minecraft:fall_one_cm":110944},"minecraft:dropped":{"minecraft:iron_sword":1,"minecraft:lapis_lazuli":109,"minecraft:diamond":18,"minecraft:dark_oak_sapling":22,"minecraft:leather":1,"minecraft:rail":30,"minecraft:emerald":86,"minecraft:dirt":14,"minecraft:dark_oak_log":128,"minecraft:gold_nugget":141,"minecraft:iron_pickaxe":2,"minecraft:white_wool":12,"minecraft:oak_door":3,"minecraft:gravel":21,"minecraft:stone_axe":2,"minecraft:blackstone":112,"minecraft:chiseled_tuff_bricks":1,"minecraft:cobbled_deepslate":536,"minecraft:birch_sapling":2,"minecraft:wheat":1,"minecraft:rotten_flesh":24,"minecraft:oak_planks":43,"minecraft:nether_brick_fence":1,"minecraft:waxed_copper_block":7,"minecraft:gunpowder":1,"minecraft:acacia_sapling":125,"minecraft:basalt":214,"minecraft:quartz":1624,"minecraft:netherrack":4379,"minecraft:egg":1,"minecraft:water_bucket":1,"minecraft:stone_hoe":2,"minecraft:enchanted_book":1,"minecraft:oak_slab":5,"minecraft:wheat_seeds":218,"minecraft:waxed_oxidized_cut_copper_stairs":1,"minecraft:oak_fence":6,"minecraft:iron_helmet":4,"minecraft:feather":1,"minecraft:cobblestone":303,"minecraft:granite":28,"minecraft:golden_apple":2,"minecraft:stick":4,"minecraft:waxed_weathered_copper_bulb":1,"minecraft:melon_slice":20,"minecraft:brown_wool":1,"minecraft:map":2,"minecraft:iron_leggings":1,"minecraft:paper":3,"minecraft:string":5,"minecraft:bucket":2,"minecraft:redstone":64,"minecraft:tuff_bricks":6,"minecraft:soul_soil":3,"minecraft:blaze_rod":10,"minecraft:tuff":105,"minecraft:chicken":1,"minecraft:iron_boots":10,"minecraft:nether_bricks":1,"minecraft:filled_map":1,"minecraft:waxed_cut_copper":2,"minecraft:iron_chestplate":2,"minecraft:oak_sapling":31,"minecraft:bow":8,"minecraft:stone_pickaxe":2,"minecraft:magma_block":49,"minecraft:brick":36},"minecraft:killed_by":{"minecraft:player":1,"minecraft:skeleton":2}},"DataVersion":3839}