{"stats":{"minecraft:crafted":{"minecraft:oak_planks":4,"minecraft:furnace":3,"spartanshields:shield_basic_stone":1,"realistictorches:matchbox":1,"minecraft:cooked_mutton":8,"minecraft:iron_boots":1,"minecraft:stone_pickaxe":1,"minecraft:chest":2,"scalinghealth:power_crystal":1,"spartanshields:shield_tower_wood":2,"spartanshields:shield_tower_iron":1,"minecraft:wheat":207,"spartanshields:shield_basic_wood":1,"minecraft:cooked_beef":13,"antiqueatlas:empty_antique_atlas":2,"minecraft:oak_slab":6,"minecraft:cooked_porkchop":5,"minecraft:iron_helmet":1,"minecraft:wooden_pickaxe":1,"spartanweaponry:handle":1,"minecraft:bucket":1,"minecraft:stone_axe":1,"spartanweaponry:saber_iron":1,"minecraft:bread":69,"minecraft:air":321,"minecraft:iron_chestplate":1,"minecraft:book":2,"minecraft:paper":9,"minecraft:diamond_pickaxe":1,"minecraft:stick":32,"minecraft:compass":2,"minecraft:iron_ingot":65,"minecraft:iron_pickaxe":2,"minecraft:stone_sword":1,"minecraft:gold_ingot":2,"minecraft:iron_shovel":1,"minecraft:iron_leggings":1,"minecraft:white_bed":2,"spartanshields:shield_tower_diamond":1},"minecraft:dropped":{"savageandravage:creeper_spores":2,"minecraft:bread":1,"antiqueatlas:empty_antique_atlas":2,"cataclysm:ignitium_leggings":1,"minecraft:wheat_seeds":7,"minecraft:cobblestone":1,"scalinghealth:heart_crystal_shard":6,"alexsmobs:mysterious_worm":13,"realistictorches:lit_torch":23,"minecraft:granite":2,"minecraft:acacia_log":1,"minecraft:stick":4,"minecraft:dirt":50,"minecraft:gray_wool":1,"byg:ebony_planks":4,"minecraft:diorite":9,"scalinghealth:heart_crystal":12,"spartanshields:shield_tower_iron":1,"minecraft:mutton":3,"byg:soapstone":3,"minecraft:string":1,"byg:scoria_cobblestone":3,"minecraft:white_wool":1,"minecraft:bone":1,"minecraft:redstone":1,"alexsmobs:maggot":1,"minecraft:coarse_dirt":7,"minecraft:stone_sword":1,"alexsmobs:dimensional_carver":1,"minecraft:rotten_flesh":22,"minecraft:light_gray_wool":1,"minecraft:oak_planks":2,"cataclysm:ignitium_elytra_chestplate":1,"realistictorches:matchbox":1,"minecraft:leather_chestplate":1,"cataclysm:ignitium_chestplate":1,"cataclysm:ignitium_helmet":1,"minecraft:gunpowder":4,"alexsmobs:cockroach_wing_fragment":1,"byg:rocky_stone":9,"minecraft:andesite":6,"minecraft:beetroot_seeds":4,"minecraft:yellow_bed":1,"minecraft:leather_boots":1,"minecraft:oak_sapling":1,"minecraft:spider_eye":3,"minecraft:arrow":1,"minecraft:wooden_pickaxe":1,"cataclysm:ignitium_boots":1},"minecraft:picked_up":{"advancednetherite:netherite_diamond_sword":1,"minecraft:iron_chestplate":1,"minecraft:crafting_table":12,"minecraft:coarse_dirt":25,"byg:soapstone":3,"minecraft:chicken":4,"minecraft:oak_stairs":1,"cataclysm:ignitium_boots":1,"minecraft:dragon_breath":11,"minecraft:string":8,"antiqueatlas:antique_atlas":1,"minecraft:flint_and_steel":1,"minecraft:iron_leggings":1,"minecraft:experience_bottle":24,"minecraft:iron_shovel":2,"alexsmobs:dimensional_carver":1,"realistictorches:matchbox":1,"minecraft:bucket":1,"minecraft:beef":17,"minecraft:poppy":1,"minecraft:iron_pickaxe":2,"minecraft:light_gray_wool":1,"minecraft:enchanted_golden_apple":64,"minecraft:sugar_cane":16,"minecraft:iron_boots":2,"minecraft:furnace":7,"minecraft:golden_helmet":2,"antiqueatlas:empty_antique_atlas":1,"minecraft:stick":3,"minecraft:acacia_log":1,"minecraft:porkchop":6,"minecraft:diorite":9,"minecraft:carrot":7,"minecraft:redstone":41,"minecraft:end_crystal":1,"advancednetherite:netherite_diamond_helmet":1,"minecraft:arrow":75,"minecraft:rotten_flesh":23,"minecraft:beetroot_seeds":4,"majruszs_difficulty:end_shard_locator":1,"minecraft:hay_block":24,"realistictorches:lit_torch":13,"minecraft:gold_ingot":2,"byg:ebony_planks":4,"cataclysm:ignitium_leggings":1,"minecraft:skeleton_skull":3,"minecraft:mutton":15,"byg:rocky_stone":9,"minecraft:cobblestone":374,"spartanshields:shield_tower_iron":1,"minecraft:white_wool":12,"minecraft:leather_chestplate":1,"minecraft:feather":4,"minecraft:cooked_beef":7,"minecraft:water_bucket":1,"minecraft:andesite":7,"cataclysm:ignitium_ingot":3,"minecraft:leather":10,"minecraft:potato":2,"minecraft:flint":1,"spartanshields:shield_tower_diamond":1,"minecraft:oak_log":31,"scalinghealth:bandages":6,"minecraft:yellow_bed":4,"minecraft:gunpowder":4,"scalinghealth:heart_crystal":128,"cataclysm:gauntlet_of_guard":5,"advancednetherite:netherite_diamond_boots":1,"minecraft:dirt":109,"scalinghealth:medkit":1,"cataclysm:music_disc_ender_guardian":1,"minecraft:leather_boots":1,"byg:scoria_cobblestone":8,"minecraft:bone":49,"minecraft:apple":10,"minecraft:wheat_seeds":11,"alexsmobs:cockroach_wing_fragment":1,"advancednetherite:netherite_diamond_chestplate":1,"minecraft:iron_ingot":41,"minecraft:iron_ore":86,"scalinghealth:power_crystal_shard":29,"spartanweaponry:saber_iron":2,"minecraft:oak_planks":26,"minecraft:book":1,"cataclysm:ignitium_elytra_chestplate":1,"scalinghealth:heart_crystal_shard":6,"savageandravage:creeper_spores":10,"advancednetherite:netherite_diamond_leggings":1,"minecraft:gravel":24,"scalinghealth:enchanted_heart":2,"minecraft:white_bed":11,"minecraft:gold_ore":2,"minecraft:spider_eye":3,"cataclysm:ignitium_helmet":1,"upgradednetherite:corrupt_upgraded_netherite_shield":1,"minecraft:diamond":9,"minecraft:stone_axe":2,"waystones:waystone":5,"realistictorches:unlit_torch":27,"minecraft:iron_helmet":1,"minecraft:granite":2,"minecraft:gray_wool":1,"scalinghealth:cursed_heart":1,"minecraft:bread":51,"alexsmobs:maggot":1,"minecraft:oak_sapling":1,"cataclysm:ignitium_chestplate":1,"minecraft:coal":204,"minecraft:diamond_pickaxe":1,"minecraft:ender_pearl":28},"minecraft:used":{"minecraft:stone_sword":67,"minecraft:iron_shovel":8,"minecraft:flint_and_steel":6,"minecraft:poppy":1,"minecraft:chest":2,"upgradednetherite:corrupt_upgraded_netherite_shield":13,"scalinghealth:heart_crystal":213,"minecraft:dirt":21,"minecraft:mutton":1,"minecraft:milk_bucket":4,"spartanshields:shield_tower_wood":5,"majruszs_difficulty:ender_dragon_treasure_bag":2,"realistictorches:lit_torch":37,"minecraft:oak_stairs":1,"minecraft:totem_of_undying":1,"cataclysm:nameless_sorcerer_spawn_egg":2,"minecraft:hay_block":1,"minecraft:furnace":9,"minecraft:skeleton_skull":1,"minecraft:cooked_beef":13,"minecraft:enchanted_golden_apple":30,"cataclysm:ender_guardian_spawner":5,"minecraft:cooked_mutton":8,"minecraft:water_bucket":31,"cataclysm:ignis_spawn_egg":3,"minecraft:stone_pickaxe":131,"minecraft:oak_planks":26,"savageandravage:creeper_spores":8,"minecraft:ender_pearl":7,"minecraft:wooden_pickaxe":16,"minecraft:sugar_cane":7,"minecraft:white_wool":1,"minecraft:crafting_table":13,"minecraft:white_bed":12,"spartanshields:shield_basic_stone":38,"spartanshields:shield_tower_iron":70,"cataclysm:ender_guardian_spawn_egg":3,"waystones:waystone":3,"scalinghealth:enchanted_heart":2,"minecraft:bread":50,"minecraft:iron_pickaxe":326,"cataclysm:netherite_monstrosity_spawn_egg":7,"cataclysm:altar_of_fire":3,"spartanshields:shield_tower_diamond":8,"minecraft:stone_axe":45,"spartanweaponry:saber_iron":167,"minecraft:cobblestone":127,"minecraft:cooked_porkchop":5,"byg:scoria_cobblestone":5,"minecraft:andesite":1,"minecraft:bucket":32,"minecraft:yellow_bed":2,"alexsmobs:animal_dictionary":1,"minecraft:coarse_dirt":2,"realistictorches:unlit_torch":42,"advancednetherite:netherite_diamond_sword":41},"minecraft:mined":{"minecraft:diamond_ore":8,"minecraft:white_bed":10,"minecraft:grass_block":14,"minecraft:hay_block":24,"realistictorches:torch":3,"minecraft:redstone_ore":4,"minecraft:furnace":7,"minecraft:carrots":6,"minecraft:iron_ore":80,"minecraft:fire":17,"minecraft:andesite":7,"minecraft:potatoes":2,"minecraft:oak_stairs":1,"byg:rocky_stone":9,"minecraft:stone":197,"scalinghealth:heart_crystal_ore":1,"minecraft:crafting_table":11,"minecraft:cobblestone":21,"minecraft:sugar_cane":7,"minecraft:oak_planks":4,"minecraft:diorite":7,"byg:soapstone":1,"byg:short_grass":4,"byg:leaf_pile":1,"minecraft:yellow_bed":2,"minecraft:grass":22,"minecraft:oak_log":31,"minecraft:coal_ore":121,"minecraft:gravel":11,"minecraft:dirt":8,"minecraft:gold_ore":2,"minecraft:oak_leaves":3},"minecraft:custom":{"lootr:looted_stat":2,"minecraft:mob_kills":106,"minecraft:interact_with_crafting_table":42,"minecraft:damage_dealt_resisted":136,"minecraft:leave_game":1,"minecraft:time_since_death":10119,"minecraft:damage_resisted":7798,"minecraft:sprint_one_cm":368274,"minecraft:walk_one_cm":320624,"minecraft:damage_blocked_by_shield":8995,"minecraft:drop":92,"minecraft:talked_to_villager":1,"minecraft:deaths":10,"minecraft:sneak_time":8974,"minecraft:walk_under_water_one_cm":1978,"minecraft:jump":3035,"minecraft:walk_on_water_one_cm":11622,"minecraft:interact_with_furnace":78,"minecraft:play_one_minute":171400,"minecraft:sleep_in_bed":6,"minecraft:time_since_rest":10154,"minecraft:waystone_activated":3,"minecraft:damage_taken":33457,"minecraft:damage_absorbed":4506,"minecraft:damage_dealt":25121,"minecraft:swim_one_cm":7722,"minecraft:fly_one_cm":1151612,"minecraft:open_chest":4,"minecraft:crouch_one_cm":18553,"minecraft:fall_one_cm":74409},"minecraft:killed":{"minecraft:witch":1,"alexsmobs:raccoon":1,"minecraft:spider":2,"minecraft:skeleton":20,"minecraft:chicken":4,"majruszs_difficulty:creeperling":2,"minecraft:pig":3,"minecraft:iron_golem":2,"minecraft:creeper":3,"minecraft:sheep":13,"alexsmobs:cockroach":2,"minecraft:zombie":24,"minecraft:enderman":9,"minecraft:cow":7},"minecraft:broken":{"spartanshields:shield_basic_stone":1,"minecraft:golden_helmet":1,"minecraft:stone_pickaxe":1,"advancednetherite:netherite_diamond_helmet":1,"minecraft:iron_pickaxe":1},"minecraft:killed_by":{"minecraft:creeper":1,"hordes:zombie_player":1,"minecraft:skeleton":2,"minecraft:zombie":1,"cataclysm:ignis":3}},"DataVersion":2586}