{"stats":{"minecraft:custom":{"minecraft:mob_kills":126,"minecraft:interact_with_crafting_table":57,"minecraft:leave_game":10,"minecraft:time_since_death":179410,"minecraft:climb_one_cm":298,"minecraft:sprint_one_cm":430357,"minecraft:walk_one_cm":386488,"minecraft:damage_blocked_by_shield":3435,"minecraft:drop":69,"minecraft:talked_to_villager":1,"minecraft:play_time":211443,"minecraft:deaths":2,"minecraft:sneak_time":8291,"minecraft:walk_under_water_one_cm":12164,"minecraft:jump":3386,"minecraft:walk_on_water_one_cm":19530,"minecraft:total_world_time":211443,"minecraft:interact_with_furnace":83,"minecraft:sleep_in_bed":15,"minecraft:time_since_rest":19389,"minecraft:damage_taken":2624,"minecraft:damage_dealt":22336,"minecraft:player_kills":1,"minecraft:swim_one_cm":21775,"minecraft:fly_one_cm":506261,"minecraft:open_chest":75,"minecraft:crouch_one_cm":14301,"minecraft:fall_one_cm":100517},"minecraft:dropped":{"minecraft:birch_planks":4,"minecraft:porkchop":8,"minecraft:wheat_seeds":9,"minecraft:cooked_beef":1,"minecraft:dripstone_block":7,"ae2:sky_stone_block":1,"minecraft:cobblestone":2,"minecraft:grass_block":1,"minecraft:coal":36,"minecraft:stick":1,"minecraft:dirt":1,"minecraft:mutton":11,"thermal:rf_coil":2,"minecraft:rabbit":1,"mekanism:raw_osmium":9,"minecraft:red_dye":1,"minecraft:string":2,"create:raw_zinc":1,"minecraft:bone":9,"thermal:raw_tin":8,"thermal:spinach_seeds":1,"minecraft:stone_axe":1,"minecraft:stone_sword":1,"thermal:raw_lead":3,"minecraft:birch_sapling":5,"supplementaries:bomb":1,"minecraft:rotten_flesh":5,"minecraft:iron_boots":1,"minecraft:light_gray_wool":1,"minecraft:oak_planks":11,"thermal:rubberwood_log":5,"thermal:strawberry_seeds":1,"mekanism:raw_tin":4,"minecraft:poppy":2,"supplementaries:ash":1,"create:veridium":4,"create:scoria":4,"minecraft:iron_chestplate":1,"artifacts:eternal_steak":1,"minecraft:spider_eye":2,"thermal:raw_nickel":10,"minecraft:bow":2,"minecraft:arrow":14,"minecraft:beef":42,"minecraft:stone_pickaxe":1,"minecraft:wooden_pickaxe":2,"thermal:basalz_rod":2},"minecraft:crafted":{"comforts:sleeping_bag_red":1,"artifacts:eternal_steak":1,"minecraft:smooth_stone":3,"minecraft:oak_planks":128,"create:wrench":1,"minecraft:iron_nugget":81,"mekanismtools:osmium_shield":1,"mekanism:ingot_osmium":26,"comforts:sleeping_bag_white":1,"minecraft:birch_boat":1,"mekanismtools:osmium_chestplate":1,"minecraft:birch_slab":12,"minecraft:furnace":2,"minecraft:blast_furnace":1,"minecraft:stone":3,"minecraft:cooked_mutton":4,"mekanismtools:osmium_axe":1,"minecraft:glass":12,"minecraft:iron_boots":1,"create:mechanical_press":1,"minecraft:stone_pickaxe":1,"mekanismtools:osmium_boots":1,"minecraft:chest":6,"mekanismtools:osmium_helmet":1,"create:cogwheel":19,"mekanismtools:osmium_pickaxe":1,"minecraft:cooked_beef":2,"minecraft:red_dye":2,"create:andesite_alloy":27,"elevatorid:elevator_white":2,"minecraft:crafting_table":2,"minecraft:wooden_pickaxe":1,"minecraft:iron_sword":1,"create:goggles":1,"create:large_water_wheel":1,"minecraft:bucket":1,"minecraft:birch_planks":68,"mekanismtools:osmium_leggings":1,"minecraft:stone_axe":1,"minecraft:air":0,"minecraft:oak_boat":1,"minecraft:iron_chestplate":1,"create:water_wheel":1,"minecraft:shield":2,"minecraft:stick":57,"minecraft:iron_ingot":53,"minecraft:iron_pickaxe":1,"minecraft:iron_block":1,"minecraft:stone_sword":1,"minecraft:iron_shovel":1,"minecraft:gold_ingot":18,"create:large_cogwheel":7,"create:shaft":72,"minecraft:torch":160,"thermal:rf_coil":2},"minecraft:killed_by":{"minecraft:player":1},"minecraft:used":{"minecraft:stone_sword":100,"minecraft:iron_shovel":50,"comforts:sleeping_bag_red":5,"minecraft:chest":6,"minecraft:shield":55,"minecraft:iron_sword":295,"minecraft:torch":165,"minecraft:dirt":4,"create:cogwheel":25,"create:depot":3,"minecraft:granite":3,"botania:blue_mystical_flower":1,"mekanismtools:osmium_helmet":1,"minecraft:iron_boots":1,"minecraft:bamboo":9,"minecraft:gunpowder":1,"create:shaft":6,"minecraft:furnace":12,"comforts:sleeping_bag_white":3,"minecraft:cooked_beef":2,"minecraft:cooked_mutton":4,"minecraft:water_bucket":69,"minecraft:birch_planks":4,"minecraft:stone_pickaxe":110,"minecraft:oak_planks":6,"minecraft:wooden_pickaxe":16,"minecraft:birch_boat":2,"artifacts:eternal_steak":34,"mekanismtools:osmium_axe":31,"minecraft:sugar_cane":7,"minecraft:crafting_table":8,"supplementaries:bomb":2,"mekanismtools:osmium_boots":1,"botania:light_blue_mystical_flower":1,"minecraft:white_bed":5,"ae2:chipped_budding_quartz":2,"mekanismtools:osmium_pickaxe":515,"mekanismtools:osmium_shield":4,"create:mechanical_press":4,"minecraft:iron_pickaxe":227,"create:large_water_wheel":2,"minecraft:stone_axe":59,"minecraft:cobblestone":107,"minecraft:bucket":70,"minecraft:oak_boat":2,"mekanismtools:osmium_leggings":1,"botania:light_gray_mystical_flower":1,"mekanismtools:osmium_chestplate":1,"create:large_cogwheel":6},"minecraft:picked_up":{"minecraft:crafting_table":7,"minecraft:wheat":2,"thermal:raw_silver":6,"mekanism:raw_uranium":4,"minecraft:wooden_pickaxe":1,"thermal:basalz_rod":2,"minecraft:string":4,"minecraft:raw_copper":53,"thermal:raw_nickel":11,"thermal:sulfur":19,"supplementaries:bomb":3,"create:mechanical_press":3,"minecraft:cobbled_deepslate":7,"comforts:sleeping_bag_white":3,"minecraft:beef":51,"minecraft:oak_boat":2,"minecraft:rose_bush":1,"minecraft:poppy":2,"minecraft:light_gray_wool":1,"minecraft:melon_slice":36,"minecraft:sugar_cane":9,"minecraft:birch_sapling":5,"thermal:spinach_seeds":1,"minecraft:furnace":9,"minecraft:raw_iron":82,"minecraft:stick":6,"minecraft:torch":5,"thermal:raw_lead":3,"minecraft:porkchop":8,"minecraft:pointed_dripstone":26,"minecraft:redstone":4,"mekanism:raw_tin":20,"thermal:apatite":111,"ae2:sky_stone_block":1,"create:large_cogwheel":3,"artifacts:everlasting_beef":1,"minecraft:arrow":24,"minecraft:rotten_flesh":5,"botania:light_gray_mystical_flower":1,"create:scoria":4,"comforts:sleeping_bag_red":5,"botania:blue_mystical_flower":1,"create:veridium":4,"supplementaries:ash":5,"mekanism:ingot_osmium":4,"minecraft:mutton":16,"minecraft:white_wool":10,"minecraft:cobblestone":172,"minecraft:birch_log":17,"minecraft:cooked_beef":1,"artifacts:eternal_steak":1,"minecraft:andesite":116,"minecraft:leather":35,"create:raw_zinc":15,"minecraft:oak_log":35,"minecraft:gunpowder":5,"minecraft:dirt":38,"botania:light_blue_mystical_flower":1,"minecraft:bone":16,"minecraft:bow":3,"minecraft:wheat_seeds":13,"minecraft:raw_gold":18,"minecraft:iron_ingot":5,"minecraft:rabbit":1,"minecraft:bamboo":11,"minecraft:oak_planks":15,"thermal:raw_tin":14,"create:large_water_wheel":1,"minecraft:birch_boat":2,"minecraft:sweet_berries":10,"thermal:strawberry_seeds":1,"create:cogwheel":8,"minecraft:dripstone_block":7,"minecraft:sand":20,"minecraft:white_bed":5,"minecraft:grass_block":1,"mekanism:raw_osmium":62,"minecraft:spider_eye":2,"minecraft:diamond":4,"ae2:chipped_budding_quartz":2,"thermal:rubberwood_log":5,"mekanism:fluorite_gem":86,"minecraft:granite":3,"minecraft:coal":230,"minecraft:ender_pearl":2},"minecraft:mined":{"create:zinc_ore":12,"minecraft:white_bed":4,"minecraft:deepslate_diamond_ore":1,"thermal:sulfur_ore":4,"thermal:tin_ore":14,"mekanism:deepslate_osmium_ore":9,"minecraft:granite":3,"minecraft:grass_block":25,"create:large_cogwheel":3,"thermal:rubberwood_log":5,"thermal:deepslate_nickel_ore":1,"botania:light_gray_mystical_flower":1,"minecraft:furnace":9,"minecraft:iron_ore":69,"minecraft:andesite":122,"supplementaries:gunpowder":1,"minecraft:gold_block":1,"minecraft:pointed_dripstone":2,"minecraft:deepslate_iron_ore":13,"minecraft:bamboo":1,"ae2:sky_stone_block":2,"minecraft:stone":145,"create:veridium":1,"botania:light_blue_mystical_flower":1,"create:mechanical_press":3,"minecraft:deepslate_redstone_ore":1,"create:cogwheel":8,"mekanism:osmium_ore":53,"minecraft:powder_snow":2,"thermal:lead_ore":3,"thermal:apatite_ore":17,"minecraft:crafting_table":7,"minecraft:torch":2,"minecraft:melon":6,"create:scoria":4,"minecraft:rose_bush":1,"mekanism:tin_ore":19,"minecraft:copper_ore":12,"minecraft:tall_grass":2,"minecraft:cobblestone":22,"botania:blue_mystical_flower":1,"minecraft:deepslate_gold_ore":18,"minecraft:oak_planks":4,"minecraft:sugar_cane":4,"minecraft:wall_torch":1,"minecraft:deepslate_copper_ore":4,"create:large_water_wheel":1,"supplementaries:urn":4,"mekanism:fluorite_ore":2,"minecraft:birch_log":17,"minecraft:sweet_berry_bush":4,"minecraft:wheat":2,"thermal:deepslate_silver_ore":6,"mekanism:deepslate_tin_ore":1,"minecraft:grass":31,"minecraft:coal_ore":223,"minecraft:oak_log":34,"minecraft:dirt":10,"minecraft:sand":20,"minecraft:sunflower":4,"mekanism:deepslate_fluorite_ore":27,"minecraft:dripstone_block":7,"thermal:rubberwood_leaves":22,"thermal:nickel_ore":10,"mekanism:deepslate_uranium_ore":4,"minecraft:deepslate":7,"minecraft:oak_leaves":9,"thermal:deepslate_sulfur_ore":1,"minecraft:fern":1},"minecraft:broken":{"minecraft:shield":1},"minecraft:killed":{"thermal:basalz":1,"minecraft:spider":6,"minecraft:horse":1,"minecraft:skeleton":27,"mekanismadditions:baby_skeleton":2,"minecraft:llama":4,"minecraft:pig":5,"mekanismadditions:baby_enderman":1,"minecraft:zombie_villager":1,"minecraft:iron_golem":1,"minecraft:creeper":3,"minecraft:sheep":11,"minecraft:donkey":1,"minecraft:zombie":19,"minecraft:enderman":5,"minecraft:cow":37}},"DataVersion":3465}