{"stats":{"minecraft:picked_up":{"minecraft:cocoa_beans":5,"minecraft:crafting_table":2,"minecraft:feather":12,"minecraft:chicken":10,"minecraft:jungle_log":11,"minecraft:leather":9,"minecraft:torch":1,"minecraft:jungle_button":1,"minecraft:dirt":1,"minecraft:wheat_seeds":1,"minecraft:beef":14,"minecraft:mutton":6,"minecraft:bamboo":10,"minecraft:white_wool":4,"minecraft:melon_slice":7,"minecraft:coal":35,"minecraft:cobblestone":36,"minecraft:furnace":3},"minecraft:killed":{"minecraft:sheep":4,"minecraft:zombie":2,"minecraft:chicken":10,"minecraft:spider":1,"minecraft:cow":8},"minecraft:mined":{"minecraft:furnace":3,"minecraft:jungle_leaves":2,"minecraft:crafting_table":2,"minecraft:short_grass":16,"minecraft:coal_ore":35,"minecraft:melon":1,"minecraft:vine":2,"minecraft:jungle_log":11,"minecraft:bamboo":1,"minecraft:stone":36,"minecraft:oak_leaves":2,"minecraft:wall_torch":1,"minecraft:fern":2},"minecraft:crafted":{"minecraft:jungle_button":1,"minecraft:crafting_table":1,"minecraft:stick":16,"minecraft:wooden_pickaxe":1,"minecraft:cooked_chicken":6,"minecraft:stone_pickaxe":1,"minecraft:stone_sword":1,"minecraft:furnace":2,"minecraft:torch":36,"minecraft:stone_axe":1,"minecraft:air":0,"minecraft:jungle_planks":28},"minecraft:custom":{"minecraft:time_since_rest":17726,"minecraft:interact_with_furnace":9,"minecraft:sprint_one_cm":51863,"minecraft:damage_taken":445,"minecraft:walk_one_cm":32880,"minecraft:mob_kills":25,"minecraft:drop":4,"minecraft:damage_dealt":2094,"minecraft:swim_one_cm":15237,"minecraft:fly_one_cm":57662,"minecraft:interact_with_crafting_table":3,"minecraft:crouch_one_cm":414,"minecraft:play_time":17726,"minecraft:sneak_time":159,"minecraft:walk_under_water_one_cm":3139,"minecraft:jump":350,"minecraft:leave_game":1,"minecraft:walk_on_water_one_cm":1192,"minecraft:time_since_death":17726,"minecraft:climb_one_cm":3742,"minecraft:total_world_time":17726,"minecraft:fall_one_cm":8025},"minecraft:dropped":{"minecraft:dirt":1,"minecraft:wheat_seeds":1,"minecraft:jungle_button":2},"minecraft:used":{"minecraft:stone_sword":67,"minecraft:melon_slice":7,"minecraft:stone_pickaxe":51,"minecraft:wooden_pickaxe":24,"minecraft:cooked_chicken":6,"minecraft:stone_axe":10,"minecraft:torch":2,"minecraft:cobblestone":3,"minecraft:cocoa_beans":1,"minecraft:crafting_table":2,"minecraft:furnace":3}},"DataVersion":3839}