{"stats":{"minecraft:crafted":{"spartanshields:shield_basic_wood":1,"minecraft:wooden_pickaxe":1,"minecraft:iron_sword":1,"minecraft:bucket":1,"minecraft:stone_axe":1,"minecraft:air":196,"minecraft:flint_and_steel":1,"minecraft:oak_boat":2,"spartanshields:shield_tower_stone":1,"minecraft:stick":4,"minecraft:iron_ingot":9,"minecraft:stone_pickaxe":1,"realistictorches:unlit_torch":8,"minecraft:stone_sword":1,"spartanshields:shield_tower_wood":2},"minecraft:killed":{"alexsmobs:raccoon":1,"minecraft:squid":1,"minecraft:skeleton":4,"minecraft:zombie":2,"minecraft:chicken":1},"minecraft:picked_up":{"minecraft:lime_bed":4,"minecraft:crafting_table":8,"minecraft:leather_chestplate":1,"minecraft:feather":1,"minecraft:chicken":1,"minecraft:andesite":4,"minecraft:leather_leggings":1,"minecraft:flint":2,"minecraft:oak_log":51,"minecraft:shield":1,"minecraft:dirt":15,"minecraft:leather_boots":1,"minecraft:bone":2,"minecraft:apple":1,"minecraft:stone_pickaxe":1,"minecraft:iron_ore":12,"minecraft:oak_planks":3,"minecraft:egg":2,"minecraft:furnace":1,"minecraft:stick":1,"minecraft:cooked_porkchop":64,"minecraft:gravel":11,"minecraft:ink_sac":3,"minecraft:leather_helmet":1,"minecraft:stone_sword":1,"minecraft:arrow":3,"minecraft:rotten_flesh":1,"minecraft:stone_shovel":1,"minecraft:stone_axe":1,"waystones:waystone":1,"realistictorches:unlit_torch":2,"minecraft:oak_sapling":3,"minecraft:coal":51,"minecraft:cobblestone":111},"minecraft:custom":{"minecraft:interact_with_furnace":8,"minecraft:mob_kills":9,"minecraft:interact_with_crafting_table":12,"minecraft:play_one_minute":58265,"minecraft:time_since_death":33582,"minecraft:sleep_in_bed":2,"minecraft:time_since_rest":13731,"minecraft:sprint_one_cm":86969,"minecraft:damage_taken":759,"minecraft:walk_one_cm":100446,"minecraft:damage_blocked_by_shield":314,"minecraft:drop":10,"minecraft:damage_dealt":1474,"minecraft:swim_one_cm":13261,"minecraft:fly_one_cm":133396,"minecraft:crouch_one_cm":16138,"minecraft:deaths":2,"minecraft:sneak_time":8456,"minecraft:walk_under_water_one_cm":1473,"minecraft:jump":751,"minecraft:walk_on_water_one_cm":4541,"minecraft:fall_one_cm":19486},"minecraft:used":{"minecraft:water_bucket":2,"minecraft:stone_sword":16,"minecraft:flint_and_steel":1,"minecraft:stone_shovel":13,"minecraft:stone_pickaxe":123,"minecraft:oak_planks":13,"minecraft:wooden_pickaxe":25,"minecraft:shield":3,"spartanshields:shield_tower_stone":6,"minecraft:iron_sword":12,"minecraft:rotten_flesh":1,"minecraft:dirt":10,"minecraft:crafting_table":7,"minecraft:lime_bed":3,"minecraft:apple":1,"minecraft:gravel":2,"minecraft:stone_axe":45,"minecraft:cobblestone":92,"minecraft:cooked_porkchop":4,"minecraft:bucket":3,"minecraft:andesite":4,"alexsmobs:animal_dictionary":1,"minecraft:oak_boat":1,"realistictorches:unlit_torch":8},"minecraft:dropped":{"minecraft:crafting_table":2,"spartanshields:shield_basic_wood":1,"minecraft:feather":1,"minecraft:flint_and_steel":1,"minecraft:dirt":1,"spartanshields:shield_tower_wood":1,"minecraft:ink_sac":3,"minecraft:oak_sapling":1,"minecraft:egg":2},"minecraft:killed_by":{"minecraft:skeleton":1,"hordes:zombie_player":1},"minecraft:mined":{"byg:water_silk":3,"minecraft:crafting_table":6,"minecraft:grass_block":4,"minecraft:cobblestone":16,"minecraft:oak_planks":3,"realistictorches:torch":2,"minecraft:lime_bed":3,"minecraft:furnace":1,"minecraft:iron_ore":9,"minecraft:fire":1,"minecraft:andesite":4,"minecraft:grass":1,"minecraft:oak_log":45,"minecraft:coal_ore":47,"minecraft:gravel":13,"minecraft:dirt":6,"minecraft:stone":70,"minecraft:oak_leaves":13,"byg:mangrove_leaves":2}},"DataVersion":2586}