{"stats":{"minecraft:broken":{"minecraft:stone_pickaxe":1,"minecraft:diamond_pickaxe":1,"minecraft:shield":3,"minecraft:diamond_axe":1,"minecraft:brush":4},"minecraft:mined":{"minecraft:dark_oak_planks":27,"minecraft:dragon_wall_head":1,"minecraft:white_bed":3,"minecraft:attached_melon_stem":1,"minecraft:brewing_stand":5,"minecraft:obsidian":15,"minecraft:granite":11,"minecraft:acacia_log":209,"minecraft:grass_block":62,"minecraft:cracked_polished_blackstone_bricks":18,"minecraft:soul_soil":25,"minecraft:purpur_slab":1,"minecraft:chiseled_tuff_bricks":2,"minecraft:nether_wart":21,"minecraft:tuff_bricks":26,"minecraft:spawner":3,"minecraft:chorus_flower":1,"minecraft:polished_blackstone_bricks":63,"minecraft:magma_block":4,"minecraft:iron_ore":21,"minecraft:fire":38,"minecraft:polished_tuff":8,"minecraft:granite_slab":7,"minecraft:deepslate_lapis_ore":1,"minecraft:anvil":1,"minecraft:enchanting_table":2,"minecraft:sculk_shrieker":11,"minecraft:dirt_path":6,"minecraft:iron_bars":2,"minecraft:end_stone_bricks":5,"minecraft:orange_bed":6,"minecraft:brown_mushroom":6,"minecraft:deepslate_redstone_ore":7,"minecraft:red_bed":3,"minecraft:blackstone":106,"minecraft:melon_stem":1,"minecraft:purpur_stairs":4,"minecraft:powder_snow":1,"minecraft:poppy":1,"minecraft:melon":9,"minecraft:chest":4,"minecraft:dead_bush":38,"minecraft:nether_quartz_ore":19,"minecraft:cobblestone":1589,"minecraft:grindstone":1,"minecraft:sugar_cane":47,"minecraft:oak_planks":83,"minecraft:iron_door":3,"minecraft:wall_torch":2,"minecraft:waxed_copper_bulb":2,"minecraft:dark_oak_slab":2,"minecraft:wheat":90,"minecraft:brown_wall_banner":1,"minecraft:waxed_copper_block":4,"minecraft:purpur_block":17,"minecraft:copper_block":4,"minecraft:oak_log":40,"minecraft:acacia_fence":80,"minecraft:sand":13,"minecraft:dirt":60,"minecraft:crimson_planks":2,"minecraft:ancient_debris":1,"minecraft:netherrack":3062,"minecraft:oak_leaves":4,"minecraft:deepslate":49,"minecraft:yellow_terracotta":57,"minecraft:nether_gold_ore":3,"minecraft:tuff":13,"minecraft:deepslate_diamond_ore":4,"minecraft:end_stone":56,"minecraft:nether_bricks":7,"minecraft:decorated_pot":46,"minecraft:acacia_slab":90,"minecraft:cartography_table":2,"minecraft:sandstone":15,"minecraft:crimson_stem":2,"minecraft:furnace":3,"minecraft:acacia_trapdoor":1,"minecraft:waxed_copper_grate":15,"minecraft:acacia_wood":115,"minecraft:acacia_stairs":227,"minecraft:andesite":38,"minecraft:gold_block":19,"minecraft:bell":3,"minecraft:bookshelf":299,"minecraft:potatoes":9,"minecraft:deepslate_iron_ore":4,"minecraft:rail":29,"minecraft:chorus_plant":3,"minecraft:waxed_weathered_copper_bulb":2,"minecraft:stone":370,"minecraft:oak_slab":1,"minecraft:waxed_exposed_copper_bulb":2,"minecraft:glass_pane":10,"minecraft:soul_sand":38,"minecraft:basalt":619,"minecraft:observer":1,"minecraft:crafting_table":10,"minecraft:short_grass":141,"minecraft:rose_bush":2,"minecraft:lectern":90,"minecraft:copper_ore":2,"minecraft:purpur_pillar":2,"minecraft:tall_grass":9,"minecraft:polished_blackstone_brick_stairs":1,"minecraft:sculk":10,"minecraft:diorite":25,"minecraft:waxed_oxidized_copper_grate":3,"minecraft:birch_leaves":1,"minecraft:coal_ore":125,"minecraft:acacia_door":6,"minecraft:gravel":84,"minecraft:cobweb":2,"minecraft:cracked_stone_bricks":2,"minecraft:acacia_planks":170,"minecraft:oak_button":1,"minecraft:stone_bricks":10,"minecraft:mossy_stone_bricks":5,"minecraft:infested_stone":2},"minecraft:killed_by":{"minecraft:piglin_brute":1,"minecraft:husk":1,"minecraft:player":1},"minecraft:crafted":{"minecraft:grindstone":2,"minecraft:oak_planks":244,"minecraft:blaze_powder":16,"minecraft:cooked_chicken":3,"minecraft:wolf_armor":2,"minecraft:lightning_rod":2,"minecraft:stone":6,"minecraft:diamond_shovel":1,"minecraft:bookshelf":38,"minecraft:cooked_mutton":15,"minecraft:mace":1,"minecraft:glass":3,"minecraft:hopper":3,"minecraft:diamond_helmet":1,"minecraft:diamond_leggings":1,"minecraft:iron_boots":1,"minecraft:netherite_helmet":1,"minecraft:chest":19,"minecraft:oak_button":1,"minecraft:netherite_upgrade_smithing_template":4,"minecraft:ender_eye":14,"minecraft:cooked_rabbit":1,"minecraft:glass_bottle":3,"minecraft:dropper":2,"minecraft:oak_slab":42,"minecraft:emerald":387,"minecraft:cooked_porkchop":45,"minecraft:crafting_table":4,"minecraft:iron_helmet":1,"minecraft:brush":4,"minecraft:smithing_table":1,"minecraft:copper_ingot":44,"minecraft:fletching_table":1,"minecraft:lectern":5,"minecraft:dark_oak_slab":6,"minecraft:book":4,"minecraft:iron_chestplate":1,"minecraft:paper":75,"minecraft:diamond_pickaxe":2,"minecraft:shield":8,"minecraft:crafter":1,"minecraft:stick":1248,"minecraft:iron_ingot":100,"minecraft:iron_pickaxe":1,"minecraft:iron_block":3,"minecraft:stone_sword":1,"minecraft:gold_ingot":253,"minecraft:netherite_ingot":2,"minecraft:golden_carrot":93,"minecraft:spyglass":1,"minecraft:acacia_fence_gate":1,"minecraft:wind_charge":200,"minecraft:furnace":2,"minecraft:piston":8,"minecraft:dark_oak_trapdoor":2,"minecraft:flint_and_steel":1,"minecraft:netherite_chestplate":1,"minecraft:lantern":15,"minecraft:diamond":9,"minecraft:stone_pickaxe":2,"minecraft:diamond_boots":1,"minecraft:netherite_scrap":3,"minecraft:dark_oak_planks":580,"minecraft:observer":8,"minecraft:cooked_beef":14,"minecraft:crimson_planks":40,"minecraft:enchanting_table":1,"minecraft:iron_sword":1,"minecraft:acacia_trapdoor":2,"minecraft:cooked_salmon":9,"minecraft:bucket":1,"minecraft:stone_axe":1,"minecraft:enchanted_book":14,"minecraft:bread":24,"minecraft:air":0,"minecraft:acacia_boat":1,"minecraft:golden_apple":8,"minecraft:iron_leggings":1,"minecraft:stonecutter":1,"minecraft:anvil":1,"minecraft:granite_slab":24,"minecraft:white_bed":1,"minecraft:pumpkin_pie":172,"minecraft:acacia_planks":764,"minecraft:torch":124,"minecraft:diamond_chestplate":1,"minecraft:firework_rocket":24,"minecraft:ender_chest":1},"minecraft:used":{"minecraft:poppy":3,"minecraft:diamond_hoe":14,"minecraft:elytra":46,"minecraft:chest":16,"minecraft:shield":188,"minecraft:iron_sword":148,"minecraft:nether_wart":20,"minecraft:bell":3,"minecraft:iron_chestplate":1,"minecraft:soul_sand":18,"minecraft:crafter":2,"minecraft:nether_bricks":6,"minecraft:obsidian":11,"minecraft:lava_bucket":1,"minecraft:honeycomb":1,"minecraft:lantern":6,"minecraft:iron_helmet":1,"minecraft:dark_oak_slab":3,"minecraft:netherite_boots":4,"minecraft:bow":78,"minecraft:ominous_bottle":4,"minecraft:furnace":4,"minecraft:acacia_fence":62,"minecraft:egg":3,"minecraft:potato":19,"minecraft:dragon_head":1,"minecraft:acacia_trapdoor":2,"minecraft:chorus_fruit":3,"minecraft:stone_pickaxe":227,"minecraft:oak_planks":275,"minecraft:blackstone":29,"minecraft:ender_pearl":14,"minecraft:sandstone":2,"minecraft:diamond_axe":1465,"minecraft:sugar_cane":26,"minecraft:golden_apple":11,"minecraft:dark_oak_trapdoor":2,"minecraft:sand":3,"minecraft:purpur_stairs":2,"minecraft:netherite_leggings":1,"minecraft:netherite_helmet":1,"minecraft:end_stone":56,"minecraft:lightning_rod":2,"minecraft:firework_rocket":18,"minecraft:acacia_door":1,"minecraft:mace":138,"minecraft:bread":69,"minecraft:melon_slice":42,"minecraft:lectern":95,"minecraft:gravel":20,"minecraft:granite_slab":32,"minecraft:nether_wart_block":38,"minecraft:diamond_sword":1112,"minecraft:grindstone":3,"minecraft:smithing_table":2,"minecraft:cooked_rabbit":1,"minecraft:andesite":4,"minecraft:air":4,"minecraft:experience_bottle":3,"minecraft:enchanting_table":3,"minecraft:stone_sword":92,"minecraft:acacia_log":13,"minecraft:flint_and_steel":1,"minecraft:redstone":8,"minecraft:netherrack":993,"minecraft:cooked_salmon":9,"minecraft:cooked_chicken":3,"minecraft:trial_key":29,"minecraft:orange_bed":6,"minecraft:anvil":2,"minecraft:torch":132,"minecraft:brewing_stand":3,"minecraft:spyglass":4,"minecraft:dirt":25,"minecraft:hopper":3,"minecraft:diamond_helmet":3,"minecraft:dark_oak_planks":57,"minecraft:bookshelf":28,"minecraft:acacia_slab":29,"minecraft:totem_of_undying":1,"minecraft:crimson_planks":33,"minecraft:diamond_chestplate":2,"minecraft:basalt":250,"minecraft:golden_carrot":53,"minecraft:beef":2,"minecraft:goat_horn":4,"minecraft:acacia_wood":12,"minecraft:cooked_beef":14,"minecraft:acacia_planks":136,"minecraft:observer":9,"minecraft:enchanted_golden_apple":1,"minecraft:cooked_mutton":12,"minecraft:acacia_boat":14,"minecraft:water_bucket":192,"minecraft:glass_bottle":7,"minecraft:netherite_chestplate":48,"minecraft:stonecutter":1,"minecraft:fletching_table":1,"minecraft:waxed_copper_block":2,"minecraft:polished_blackstone_bricks":26,"minecraft:brown_banner":8,"minecraft:crafting_table":12,"minecraft:oak_slab":3,"minecraft:red_bed":3,"minecraft:white_bed":4,"minecraft:oak_log":10,"minecraft:ender_eye":15,"minecraft:piston":8,"minecraft:diamond_pickaxe":6124,"minecraft:acacia_stairs":3,"minecraft:diamond_shovel":286,"minecraft:ominous_trial_key":10,"minecraft:cracked_polished_blackstone_bricks":3,"minecraft:wind_charge":339,"minecraft:oak_button":2,"minecraft:iron_pickaxe":178,"minecraft:purpur_slab":1,"minecraft:acacia_fence_gate":1,"minecraft:stone_axe":92,"minecraft:cobblestone":173,"minecraft:potion":5,"minecraft:white_banner":1,"minecraft:cooked_porkchop":47,"minecraft:bucket":194,"minecraft:pumpkin_pie":93,"minecraft:diamond_leggings":4,"minecraft:soul_torch":11},"minecraft:custom":{"minecraft:animals_bred":1,"minecraft:interact_with_crafting_table":83,"minecraft:open_barrel":18,"minecraft:bell_ring":44,"minecraft:leave_game":7,"minecraft:time_since_death":192477,"minecraft:damage_resisted":49,"minecraft:sprint_one_cm":2149321,"minecraft:damage_blocked_by_shield":11833,"minecraft:drop":330,"minecraft:talked_to_villager":206,"minecraft:play_time":816941,"minecraft:deaths":8,"minecraft:jump":13553,"minecraft:interact_with_brewingstand":7,"minecraft:walk_on_water_one_cm":79012,"minecraft:enchant_item":19,"minecraft:interact_with_furnace":101,"minecraft:traded_with_villager":467,"minecraft:sleep_in_bed":11,"minecraft:damage_dealt":136916,"minecraft:player_kills":7,"minecraft:crouch_one_cm":171264,"minecraft:inspect_dispenser":2,"minecraft:interact_with_smithing_table":13,"minecraft:mob_kills":705,"minecraft:interact_with_anvil":29,"minecraft:climb_one_cm":14209,"minecraft:walk_one_cm":1394677,"minecraft:raid_win":2,"minecraft:sneak_time":50451,"minecraft:walk_under_water_one_cm":55698,"minecraft:boat_one_cm":108593,"minecraft:interact_with_blast_furnace":1,"minecraft:total_world_time":816941,"minecraft:raid_trigger":2,"minecraft:interact_with_grindstone":16,"minecraft:interact_with_stonecutter":4,"minecraft:time_since_rest":54505,"minecraft:damage_taken":18800,"minecraft:damage_absorbed":389,"minecraft:swim_one_cm":121633,"minecraft:fly_one_cm":2469188,"minecraft:open_chest":598,"minecraft:aviate_one_cm":905132,"minecraft:fall_one_cm":531561},"minecraft:killed":{"minecraft:cave_spider":28,"minecraft:zombified_piglin":1,"minecraft:witch":7,"minecraft:spider":13,"minecraft:shulker":13,"minecraft:skeleton":102,"minecraft:chicken":7,"minecraft:silverfish":21,"minecraft:piglin_brute":17,"minecraft:magma_cube":11,"minecraft:piglin":17,"minecraft:pig":21,"minecraft:zombie_villager":1,"minecraft:salmon":10,"minecraft:iron_golem":6,"minecraft:ender_dragon":1,"minecraft:creeper":7,"minecraft:sheep":13,"minecraft:trader_llama":2,"minecraft:pillager":58,"minecraft:zombie":111,"minecraft:ghast":2,"minecraft:stray":19,"minecraft:blaze":22,"minecraft:cow":9,"minecraft:evoker":10,"minecraft:vex":4,"minecraft:bogged":21,"minecraft:vindicator":29,"minecraft:slime":11,"minecraft:phantom":3,"minecraft:horse":5,"minecraft:husk":11,"minecraft:rabbit":8,"minecraft:wandering_trader":1,"minecraft:ravager":6,"minecraft:breeze":26,"minecraft:wither_skeleton":5,"minecraft:enderman":11},"minecraft:picked_up":{"minecraft:shulker_shell":6,"minecraft:iron_chestplate":3,"minecraft:wheat":75,"minecraft:nether_brick_fence":1,"minecraft:anvil":1,"minecraft:smithing_table":1,"minecraft:lead":4,"minecraft:potion":4,"minecraft:enchanted_book":3,"minecraft:nether_brick":2,"minecraft:crimson_planks":1,"minecraft:brewing_stand":5,"minecraft:string":18,"minecraft:raw_copper":8,"minecraft:iron_leggings":2,"minecraft:gold_nugget":31,"minecraft:cobbled_deepslate":56,"minecraft:bucket":3,"minecraft:trial_key":19,"minecraft:rose_bush":2,"minecraft:ender_eye":2,"minecraft:enchanted_golden_apple":3,"minecraft:melon_slice":72,"minecraft:iron_boots":3,"minecraft:furnace":3,"minecraft:tipped_arrow":38,"minecraft:stick":56,"minecraft:acacia_fence":79,"minecraft:acacia_log":249,"minecraft:torch":34,"minecraft:purpur_pillar":2,"minecraft:porkchop":49,"minecraft:waxed_weathered_copper_bulb":2,"minecraft:waxed_copper_grate":12,"minecraft:diorite":25,"minecraft:orange_bed":6,"minecraft:stone_sword":1,"minecraft:honey_bottle":6,"minecraft:rotten_flesh":108,"minecraft:iron_block":1,"minecraft:armadillo_scute":16,"minecraft:bookshelf":2,"minecraft:chorus_flower":3,"minecraft:blaze_rod":25,"minecraft:obsidian":27,"minecraft:iron_bars":2,"minecraft:snowball":7,"minecraft:blaze_powder":1,"minecraft:cobblestone":540,"minecraft:enchanting_table":2,"minecraft:feather":7,"minecraft:magma_cream":1,"minecraft:iron_door":2,"minecraft:water_bucket":1,"minecraft:andesite":31,"minecraft:copper_block":4,"minecraft:potato":45,"minecraft:flint":5,"minecraft:tuff":12,"minecraft:acacia_boat":14,"minecraft:lapis_lazuli":44,"minecraft:dirt":118,"minecraft:lantern":2,"minecraft:bone":175,"minecraft:acacia_planks":168,"minecraft:bow":6,"minecraft:wheat_seeds":219,"minecraft:bell":3,"minecraft:grindstone":1,"minecraft:bolt_armor_trim_smithing_template":2,"minecraft:rabbit":5,"minecraft:mossy_stone_bricks":2,"minecraft:oak_planks":96,"minecraft:ghast_tear":1,"minecraft:sand":14,"minecraft:granite_slab":9,"minecraft:diamond_block":1,"minecraft:acacia_stairs":227,"minecraft:dark_oak_log":85,"minecraft:diamond":76,"minecraft:waxed_oxidized_copper_grate":1,"minecraft:cracked_polished_blackstone_bricks":14,"minecraft:breeze_rod":49,"minecraft:crossbow":5,"minecraft:granite":11,"minecraft:golden_apple":10,"minecraft:emerald":367,"minecraft:golden_horse_armor":1,"minecraft:bread":1,"minecraft:oak_sapling":28,"minecraft:netherrack":2750,"minecraft:chorus_fruit":20,"minecraft:ominous_trial_key":2,"minecraft:end_stone_bricks":7,"minecraft:crafting_table":10,"minecraft:ominous_bottle":5,"minecraft:chicken":7,"minecraft:nether_wart":39,"minecraft:brown_mushroom":6,"minecraft:gold_block":19,"minecraft:dragon_head":1,"minecraft:purpur_block":9,"minecraft:brick":48,"minecraft:shield":2,"minecraft:wind_charge":109,"minecraft:flow_banner_pattern":2,"minecraft:red_bed":3,"minecraft:elytra":1,"minecraft:iron_axe":2,"minecraft:acacia_door":10,"minecraft:iron_shovel":1,"minecraft:blackstone":111,"minecraft:cracked_stone_bricks":1,"minecraft:cartography_table":2,"minecraft:beef":18,"minecraft:oak_boat":1,"minecraft:observer":1,"minecraft:poppy":13,"minecraft:lectern":90,"minecraft:chest":4,"minecraft:sugar_cane":102,"minecraft:phantom_membrane":2,"minecraft:egg":3,"minecraft:dark_oak_sapling":7,"minecraft:raw_iron":52,"minecraft:sandstone":15,"minecraft:end_stone":58,"minecraft:oak_door":1,"minecraft:copper_ingot":17,"minecraft:fire_charge":10,"minecraft:polished_blackstone_bricks":56,"minecraft:flow_pottery_sherd":1,"minecraft:trident":1,"minecraft:redstone":128,"minecraft:dark_oak_planks":25,"minecraft:pumpkin_pie":2,"minecraft:weeping_vines":3,"minecraft:arrow":168,"minecraft:diamond_chestplate":2,"minecraft:decorated_pot":21,"minecraft:nether_bricks":8,"minecraft:purpur_slab":1,"minecraft:yellow_terracotta":57,"minecraft:totem_of_undying":8,"minecraft:gold_ingot":30,"minecraft:saddle":4,"minecraft:flow_armor_trim_smithing_template":2,"minecraft:tuff_bricks":23,"minecraft:mutton":19,"minecraft:white_wool":12,"minecraft:rail":29,"minecraft:netherite_boots":1,"minecraft:basalt":669,"minecraft:crimson_stem":10,"minecraft:salmon":10,"minecraft:leather":53,"minecraft:acacia_wood":112,"minecraft:crafter":1,"minecraft:waxed_copper_bulb":1,"minecraft:purpur_stairs":4,"minecraft:oak_log":117,"minecraft:waxed_copper_block":1,"minecraft:ancient_debris":1,"minecraft:nether_wart_block":99,"minecraft:gunpowder":12,"minecraft:white_banner":11,"minecraft:apple":2,"minecraft:stone_bricks":4,"minecraft:acacia_trapdoor":1,"minecraft:stone_pickaxe":1,"minecraft:rabbit_hide":3,"minecraft:iron_ingot":47,"minecraft:cooked_chicken":1,"minecraft:glass_bottle":1,"minecraft:acacia_sapling":15,"minecraft:soul_sand":90,"minecraft:book":972,"minecraft:sculk_catalyst":1,"minecraft:oak_slab":1,"minecraft:dark_oak_slab":2,"minecraft:emerald_block":2,"minecraft:heavy_core":2,"minecraft:quartz":172,"minecraft:waxed_exposed_copper_bulb":2,"minecraft:gravel":165,"minecraft:amethyst_shard":11,"minecraft:white_bed":3,"minecraft:crying_obsidian":31,"minecraft:polished_tuff":5,"minecraft:spider_eye":13,"minecraft:leather_helmet":1,"minecraft:slime_ball":14,"minecraft:stone_axe":1,"minecraft:iron_helmet":1,"minecraft:diamond_axe":1,"minecraft:cherry_sapling":6,"minecraft:gray_wool":1,"minecraft:oak_button":1,"minecraft:baked_potato":7,"minecraft:brown_banner":24,"minecraft:acacia_slab":161,"minecraft:melon_seeds":5,"minecraft:chiseled_tuff_bricks":2,"minecraft:coal":139,"minecraft:ender_pearl":22},"minecraft:dropped":{"minecraft:acacia_boat":1,"minecraft:lapis_lazuli":8,"minecraft:chorus_fruit":8,"minecraft:baked_potato":4,"minecraft:decorated_pot":14,"minecraft:weeping_vines":3,"minecraft:crossbow":3,"minecraft:netherite_upgrade_smithing_template":5,"minecraft:leather":1,"minecraft:cracked_stone_bricks":1,"minecraft:purpur_stairs":2,"minecraft:rail":29,"minecraft:leather_helmet":1,"minecraft:heavy_core":1,"minecraft:emerald":248,"minecraft:flint":1,"minecraft:dirt":3,"minecraft:dark_oak_log":5,"minecraft:netherite_boots":1,"minecraft:snowball":7,"minecraft:pumpkin_pie":80,"minecraft:gold_nugget":31,"minecraft:amethyst_shard":2,"minecraft:phantom_membrane":2,"minecraft:sand":2,"minecraft:polished_blackstone_bricks":9,"minecraft:acacia_door":1,"minecraft:gold_ingot":136,"minecraft:bone":29,"minecraft:gravel":63,"minecraft:stone_axe":2,"minecraft:blackstone":56,"minecraft:purpur_block":5,"minecraft:cooked_chicken":1,"minecraft:chiseled_tuff_bricks":2,"minecraft:cobbled_deepslate":40,"minecraft:nether_brick":2,"minecraft:rotten_flesh":101,"minecraft:cooked_mutton":3,"minecraft:honey_bottle":6,"minecraft:waxed_copper_block":1,"minecraft:wind_charge":2,"minecraft:poppy":6,"minecraft:tipped_arrow":38,"minecraft:gunpowder":2,"minecraft:breeze_rod":2,"minecraft:arrow":40,"minecraft:iron_bars":2,"minecraft:end_stone_bricks":6,"minecraft:quartz":8,"minecraft:netherrack":320,"minecraft:water_bucket":1,"minecraft:wheat_seeds":32,"minecraft:bookshelf":2,"minecraft:apple":2,"minecraft:cobblestone":27,"minecraft:iron_helmet":1,"minecraft:book":75,"minecraft:polished_tuff":5,"minecraft:waxed_copper_grate":8,"minecraft:granite":11,"minecraft:ominous_trial_key":4,"minecraft:golden_apple":16,"minecraft:stick":20,"minecraft:iron_block":1,"minecraft:diorite":25,"minecraft:golden_carrot":32,"minecraft:torch":2,"minecraft:iron_door":2,"minecraft:rib_armor_trim_smithing_template":1,"minecraft:fire_charge":2,"minecraft:potion":2,"minecraft:iron_leggings":2,"minecraft:white_banner":1,"minecraft:iron_axe":1,"minecraft:flow_banner_pattern":1,"minecraft:string":13,"minecraft:iron_shovel":1,"minecraft:bucket":1,"minecraft:acacia_planks":3,"minecraft:redstone":1,"minecraft:purpur_pillar":2,"minecraft:tuff_bricks":23,"minecraft:flow_pottery_sherd":1,"minecraft:ender_chest":1,"minecraft:stone_sword":1,"minecraft:tuff":12,"minecraft:diamond_hoe":1,"minecraft:raw_iron":10,"minecraft:iron_boots":3,"minecraft:totem_of_undying":3,"minecraft:potato":35,"minecraft:shield":2,"minecraft:diamond_chestplate":1,"minecraft:diamond_pickaxe":1,"minecraft:iron_chestplate":4,"minecraft:andesite":27,"minecraft:mossy_stone_bricks":2,"minecraft:oak_sapling":28,"minecraft:stone_bricks":4,"minecraft:spider_eye":9,"minecraft:sandstone":13,"minecraft:stone_pickaxe":2,"minecraft:bow":5,"minecraft:waxed_exposed_copper_bulb":1,"minecraft:waxed_oxidized_copper_grate":1,"minecraft:brick":44}},"DataVersion":3839}