{"stats":{"minecraft:picked_up":{"minecraft:crafting_table":4,"minecraft:feather":4,"minecraft:chicken":3,"minecraft:andesite":4,"minecraft:salmon":10,"minecraft:leather":8,"minecraft:oak_log":50,"minecraft:brewing_stand":1,"minecraft:string":1,"minecraft:red_bed":3,"minecraft:apple":1,"minecraft:wheat_seeds":8,"minecraft:cartography_table":2,"minecraft:bell":3,"minecraft:stone_pickaxe":1,"minecraft:beef":9,"minecraft:iron_ingot":17,"minecraft:poppy":6,"minecraft:melon_slice":52,"minecraft:sugar_cane":19,"minecraft:oak_planks":43,"minecraft:acacia_sapling":1,"minecraft:egg":3,"minecraft:furnace":1,"minecraft:stick":37,"minecraft:raw_iron":17,"minecraft:torch":1,"minecraft:porkchop":5,"minecraft:white_bed":3,"minecraft:orange_bed":6,"minecraft:gray_wool":1,"minecraft:oak_sapling":1,"minecraft:brown_banner":1,"minecraft:mutton":15,"minecraft:coal":125,"minecraft:white_wool":8,"minecraft:cobblestone":66},"minecraft:dropped":{"minecraft:wheat_seeds":3,"minecraft:cobblestone":3,"minecraft:apple":1,"minecraft:cooked_mutton":3,"minecraft:stick":4,"minecraft:poppy":3,"minecraft:shield":1,"minecraft:oak_sapling":1,"minecraft:stone_pickaxe":1},"minecraft:crafted":{"minecraft:cooked_beef":14,"minecraft:oak_planks":200,"minecraft:cooked_porkchop":8,"minecraft:iron_helmet":1,"minecraft:cooked_chicken":3,"minecraft:iron_sword":1,"minecraft:furnace":1,"minecraft:bucket":1,"minecraft:stone_axe":1,"minecraft:cooked_mutton":15,"minecraft:air":0,"minecraft:iron_boots":1,"minecraft:iron_chestplate":1,"minecraft:shield":3,"minecraft:iron_ingot":17,"minecraft:iron_pickaxe":1,"minecraft:stone_pickaxe":2,"minecraft:stone_sword":1,"minecraft:chest":2,"minecraft:iron_leggings":1,"minecraft:white_bed":1,"minecraft:torch":56,"minecraft:cooked_rabbit":1},"minecraft:killed":{"minecraft:pig":3,"minecraft:salmon":10,"minecraft:iron_golem":4,"minecraft:sheep":9,"minecraft:horse":5,"minecraft:skeleton":2,"minecraft:zombie":2,"minecraft:chicken":3,"minecraft:cow":5},"minecraft:broken":{"minecraft:stone_pickaxe":1},"minecraft:used":{"minecraft:cooked_mutton":1,"minecraft:water_bucket":10,"minecraft:stone_sword":92,"minecraft:stone_pickaxe":217,"minecraft:poppy":3,"minecraft:oak_planks":168,"minecraft:chest":2,"minecraft:iron_sword":54,"minecraft:bell":3,"minecraft:cooked_chicken":1,"minecraft:iron_chestplate":1,"minecraft:orange_bed":6,"minecraft:torch":48,"minecraft:brewing_stand":1,"minecraft:crafting_table":4,"minecraft:red_bed":3,"minecraft:white_bed":4,"minecraft:melon_slice":13,"minecraft:iron_helmet":1,"minecraft:stone_axe":91,"minecraft:cobblestone":9,"minecraft:beef":2,"minecraft:furnace":2,"minecraft:cooked_porkchop":4,"minecraft:cooked_rabbit":1,"minecraft:andesite":4,"minecraft:bucket":11,"minecraft:egg":3},"minecraft:custom":{"minecraft:interact_with_furnace":30,"minecraft:mob_kills":43,"minecraft:interact_with_crafting_table":14,"minecraft:bell_ring":42,"minecraft:leave_game":1,"minecraft:time_since_death":60883,"minecraft:sleep_in_bed":3,"minecraft:time_since_rest":5628,"minecraft:sprint_one_cm":187493,"minecraft:damage_taken":334,"minecraft:walk_one_cm":150760,"minecraft:drop":20,"minecraft:damage_dealt":7669,"minecraft:talked_to_villager":2,"minecraft:swim_one_cm":32000,"minecraft:fly_one_cm":226837,"minecraft:open_chest":12,"minecraft:crouch_one_cm":5753,"minecraft:play_time":60883,"minecraft:sneak_time":3039,"minecraft:walk_under_water_one_cm":9280,"minecraft:jump":1211,"minecraft:interact_with_blast_furnace":1,"minecraft:walk_on_water_one_cm":6218,"minecraft:total_world_time":60883,"minecraft:fall_one_cm":29657},"minecraft:mined":{"minecraft:white_bed":3,"minecraft:red_bed":3,"minecraft:brewing_stand":1,"minecraft:crafting_table":4,"minecraft:short_grass":12,"minecraft:melon":9,"minecraft:dead_bush":37,"minecraft:tall_grass":2,"minecraft:cobblestone":4,"minecraft:oak_planks":29,"minecraft:sugar_cane":8,"minecraft:cartography_table":2,"minecraft:wall_torch":1,"minecraft:furnace":1,"minecraft:iron_ore":17,"minecraft:brown_wall_banner":1,"minecraft:andesite":4,"minecraft:birch_leaves":1,"minecraft:bell":3,"minecraft:coal_ore":125,"minecraft:oak_log":39,"minecraft:gravel":1,"minecraft:dirt":1,"minecraft:stone":61,"minecraft:oak_leaves":1,"minecraft:orange_bed":6}},"DataVersion":3839}