{"stats":{"minecraft:picked_up":{"minecraft:iron_chestplate":1,"minecraft:wheat":75,"minecraft:nether_brick_fence":1,"minecraft:lead":2,"minecraft:potion":4,"minecraft:enchanted_book":1,"minecraft:nether_brick":2,"minecraft:crimson_planks":1,"minecraft:brewing_stand":5,"minecraft:string":9,"minecraft:raw_copper":8,"minecraft:iron_leggings":1,"minecraft:gold_nugget":31,"minecraft:cobbled_deepslate":8,"minecraft:bucket":3,"minecraft:trial_key":2,"minecraft:rose_bush":2,"minecraft:ender_eye":2,"minecraft:enchanted_golden_apple":2,"minecraft:melon_slice":72,"minecraft:furnace":3,"minecraft:iron_boots":2,"minecraft:tipped_arrow":8,"minecraft:stick":37,"minecraft:torch":18,"minecraft:acacia_log":112,"minecraft:porkchop":49,"minecraft:waxed_copper_grate":1,"minecraft:diorite":5,"minecraft:orange_bed":6,"minecraft:stone_sword":1,"minecraft:rotten_flesh":53,"minecraft:honey_bottle":2,"minecraft:armadillo_scute":16,"minecraft:blaze_rod":20,"minecraft:obsidian":26,"minecraft:blaze_powder":1,"minecraft:snowball":7,"minecraft:cobblestone":303,"minecraft:enchanting_table":2,"minecraft:feather":7,"minecraft:magma_cream":1,"minecraft:iron_door":1,"minecraft:water_bucket":1,"minecraft:andesite":4,"minecraft:potato":1,"minecraft:flint":4,"minecraft:acacia_boat":14,"minecraft:lapis_lazuli":33,"minecraft:dirt":86,"minecraft:bone":52,"minecraft:acacia_planks":18,"minecraft:bow":1,"minecraft:wheat_seeds":210,"minecraft:bell":3,"minecraft:mossy_stone_bricks":1,"minecraft:oak_planks":95,"minecraft:ghast_tear":1,"minecraft:sand":9,"minecraft:diamond_block":1,"minecraft:acacia_stairs":3,"minecraft:dark_oak_log":85,"minecraft:diamond":39,"minecraft:cracked_polished_blackstone_bricks":14,"minecraft:breeze_rod":9,"minecraft:golden_apple":9,"minecraft:emerald":95,"minecraft:oak_sapling":1,"minecraft:netherrack":1819,"minecraft:ominous_trial_key":2,"minecraft:crafting_table":8,"minecraft:ominous_bottle":1,"minecraft:chicken":7,"minecraft:nether_wart":35,"minecraft:gold_block":7,"minecraft:brick":8,"minecraft:wind_charge":42,"minecraft:acacia_door":2,"minecraft:red_bed":3,"minecraft:blackstone":44,"minecraft:cartography_table":2,"minecraft:beef":18,"minecraft:oak_boat":1,"minecraft:observer":1,"minecraft:poppy":9,"minecraft:lectern":90,"minecraft:sugar_cane":98,"minecraft:egg":3,"minecraft:dark_oak_sapling":7,"minecraft:raw_iron":42,"minecraft:oak_door":1,"minecraft:copper_ingot":1,"minecraft:fire_charge":10,"minecraft:polished_blackstone_bricks":52,"minecraft:flow_pottery_sherd":1,"minecraft:trident":1,"minecraft:redstone":127,"minecraft:dark_oak_planks":17,"minecraft:weeping_vines":3,"minecraft:arrow":53,"minecraft:diamond_chestplate":1,"minecraft:decorated_pot":6,"minecraft:nether_bricks":8,"minecraft:gold_ingot":8,"minecraft:flow_armor_trim_smithing_template":1,"minecraft:mutton":19,"minecraft:white_wool":12,"minecraft:rail":29,"minecraft:basalt":536,"minecraft:crimson_stem":10,"minecraft:salmon":10,"minecraft:leather":53,"minecraft:acacia_wood":47,"minecraft:crafter":1,"minecraft:oak_log":50,"minecraft:nether_wart_block":99,"minecraft:gunpowder":4,"minecraft:apple":1,"minecraft:stone_bricks":2,"minecraft:acacia_trapdoor":1,"minecraft:iron_ingot":21,"minecraft:stone_pickaxe":1,"minecraft:acacia_sapling":1,"minecraft:soul_sand":90,"minecraft:book":162,"minecraft:oak_slab":1,"minecraft:heavy_core":1,"minecraft:waxed_exposed_copper_bulb":1,"minecraft:quartz":88,"minecraft:gravel":163,"minecraft:amethyst_shard":2,"minecraft:white_bed":3,"minecraft:crying_obsidian":31,"minecraft:spider_eye":4,"minecraft:stone_axe":1,"minecraft:iron_helmet":1,"minecraft:diamond_axe":1,"minecraft:gray_wool":1,"minecraft:oak_button":1,"minecraft:acacia_slab":52,"minecraft:brown_banner":17,"minecraft:melon_seeds":5,"minecraft:coal":135,"minecraft:ender_pearl":17},"minecraft:crafted":{"minecraft:oak_planks":200,"minecraft:blaze_powder":16,"minecraft:cooked_chicken":3,"minecraft:wolf_armor":2,"minecraft:diamond_shovel":1,"minecraft:bookshelf":35,"minecraft:cooked_mutton":15,"minecraft:mace":1,"minecraft:glass":3,"minecraft:diamond_helmet":1,"minecraft:diamond_leggings":1,"minecraft:iron_boots":1,"minecraft:chest":10,"minecraft:oak_button":1,"minecraft:netherite_upgrade_smithing_template":2,"minecraft:ender_eye":14,"minecraft:cooked_rabbit":1,"minecraft:glass_bottle":3,"minecraft:dropper":2,"minecraft:oak_slab":42,"minecraft:emerald":39,"minecraft:cooked_porkchop":45,"minecraft:crafting_table":3,"minecraft:iron_helmet":1,"minecraft:brush":4,"minecraft:smithing_table":1,"minecraft:copper_ingot":8,"minecraft:fletching_table":1,"minecraft:lectern":5,"minecraft:dark_oak_slab":6,"minecraft:iron_chestplate":1,"minecraft:book":4,"minecraft:paper":12,"minecraft:diamond_pickaxe":1,"minecraft:shield":4,"minecraft:stick":1240,"minecraft:crafter":1,"minecraft:iron_ingot":89,"minecraft:iron_pickaxe":1,"minecraft:stone_sword":1,"minecraft:gold_ingot":109,"minecraft:netherite_ingot":1,"minecraft:furnace":2,"minecraft:piston":8,"minecraft:dark_oak_trapdoor":2,"minecraft:flint_and_steel":1,"minecraft:diamond":9,"minecraft:stone_pickaxe":2,"minecraft:diamond_boots":1,"minecraft:netherite_scrap":2,"minecraft:dark_oak_planks":580,"minecraft:observer":8,"minecraft:cooked_beef":14,"minecraft:crimson_planks":40,"minecraft:enchanting_table":1,"minecraft:iron_sword":1,"minecraft:acacia_trapdoor":2,"minecraft:cooked_salmon":9,"minecraft:bucket":1,"minecraft:stone_axe":1,"minecraft:enchanted_book":9,"minecraft:acacia_boat":1,"minecraft:air":0,"minecraft:bread":24,"minecraft:iron_leggings":1,"minecraft:white_bed":1,"minecraft:acacia_planks":620,"minecraft:torch":124,"minecraft:diamond_chestplate":1},"minecraft:killed":{"minecraft:spider":6,"minecraft:skeleton":45,"minecraft:chicken":7,"minecraft:silverfish":1,"minecraft:piglin_brute":7,"minecraft:magma_cube":10,"minecraft:piglin":13,"minecraft:pig":21,"minecraft:zombie_villager":1,"minecraft:salmon":10,"minecraft:iron_golem":5,"minecraft:creeper":3,"minecraft:sheep":13,"minecraft:trader_llama":2,"minecraft:pillager":1,"minecraft:zombie":32,"minecraft:ghast":1,"minecraft:cow":9,"minecraft:blaze":20,"minecraft:slime":1,"minecraft:horse":5,"minecraft:husk":7,"minecraft:breeze":6,"minecraft:wither_skeleton":4,"minecraft:enderman":3},"minecraft:used":{"minecraft:poppy":3,"minecraft:chest":10,"minecraft:shield":85,"minecraft:iron_sword":148,"minecraft:nether_wart":19,"minecraft:bell":3,"minecraft:iron_chestplate":1,"minecraft:soul_sand":18,"minecraft:crafter":2,"minecraft:nether_bricks":6,"minecraft:obsidian":10,"minecraft:iron_helmet":1,"minecraft:dark_oak_slab":2,"minecraft:bow":28,"minecraft:ominous_bottle":1,"minecraft:furnace":4,"minecraft:egg":3,"minecraft:potato":10,"minecraft:acacia_trapdoor":2,"minecraft:stone_pickaxe":227,"minecraft:oak_planks":264,"minecraft:blackstone":29,"minecraft:diamond_axe":449,"minecraft:sugar_cane":26,"minecraft:golden_apple":5,"minecraft:dark_oak_trapdoor":2,"minecraft:mace":13,"minecraft:melon_slice":42,"minecraft:bread":28,"minecraft:lectern":95,"minecraft:gravel":20,"minecraft:nether_wart_block":38,"minecraft:diamond_sword":436,"minecraft:smithing_table":1,"minecraft:cooked_rabbit":1,"minecraft:andesite":4,"minecraft:air":4,"minecraft:enchanting_table":3,"minecraft:stone_sword":92,"minecraft:flint_and_steel":1,"minecraft:redstone":8,"minecraft:cooked_salmon":9,"minecraft:trial_key":5,"minecraft:cooked_chicken":3,"minecraft:netherrack":776,"minecraft:orange_bed":6,"minecraft:torch":129,"minecraft:brewing_stand":3,"minecraft:dirt":14,"minecraft:dark_oak_planks":36,"minecraft:bookshelf":15,"minecraft:acacia_slab":22,"minecraft:crimson_planks":33,"minecraft:diamond_chestplate":2,"minecraft:basalt":186,"minecraft:beef":2,"minecraft:goat_horn":4,"minecraft:acacia_wood":4,"minecraft:cooked_beef":14,"minecraft:acacia_planks":18,"minecraft:observer":9,"minecraft:enchanted_golden_apple":1,"minecraft:cooked_mutton":12,"minecraft:acacia_boat":13,"minecraft:water_bucket":71,"minecraft:glass_bottle":7,"minecraft:netherite_chestplate":1,"minecraft:fletching_table":1,"minecraft:polished_blackstone_bricks":26,"minecraft:oak_slab":3,"minecraft:crafting_table":9,"minecraft:red_bed":3,"minecraft:brown_banner":8,"minecraft:white_bed":4,"minecraft:piston":8,"minecraft:ender_eye":6,"minecraft:diamond_pickaxe":2113,"minecraft:acacia_stairs":3,"minecraft:ominous_trial_key":4,"minecraft:diamond_shovel":170,"minecraft:cracked_polished_blackstone_bricks":3,"minecraft:wind_charge":46,"minecraft:oak_button":2,"minecraft:iron_pickaxe":178,"minecraft:stone_axe":92,"minecraft:cobblestone":88,"minecraft:potion":4,"minecraft:cooked_porkchop":33,"minecraft:bucket":72},"minecraft:mined":{"minecraft:dark_oak_planks":17,"minecraft:white_bed":3,"minecraft:attached_melon_stem":1,"minecraft:brewing_stand":5,"minecraft:obsidian":14,"minecraft:acacia_log":112,"minecraft:grass_block":42,"minecraft:cracked_polished_blackstone_bricks":18,"minecraft:nether_wart":20,"minecraft:spawner":1,"minecraft:polished_blackstone_bricks":59,"minecraft:magma_block":3,"minecraft:iron_ore":20,"minecraft:fire":14,"minecraft:deepslate_lapis_ore":1,"minecraft:enchanting_table":2,"minecraft:dirt_path":5,"minecraft:orange_bed":6,"minecraft:deepslate_redstone_ore":7,"minecraft:red_bed":3,"minecraft:blackstone":37,"minecraft:melon_stem":1,"minecraft:poppy":1,"minecraft:melon":9,"minecraft:dead_bush":37,"minecraft:nether_quartz_ore":10,"minecraft:cobblestone":24,"minecraft:sugar_cane":47,"minecraft:oak_planks":82,"minecraft:iron_door":2,"minecraft:wall_torch":1,"minecraft:wheat":90,"minecraft:brown_wall_banner":1,"minecraft:oak_log":39,"minecraft:sand":9,"minecraft:dirt":41,"minecraft:crimson_planks":2,"minecraft:netherrack":1524,"minecraft:oak_leaves":4,"minecraft:nether_gold_ore":3,"minecraft:nether_bricks":7,"minecraft:decorated_pot":9,"minecraft:acacia_slab":30,"minecraft:cartography_table":2,"minecraft:crimson_stem":2,"minecraft:furnace":3,"minecraft:acacia_trapdoor":1,"minecraft:waxed_copper_grate":3,"minecraft:acacia_wood":50,"minecraft:acacia_stairs":3,"minecraft:andesite":4,"minecraft:gold_block":7,"minecraft:bell":3,"minecraft:bookshelf":54,"minecraft:potatoes":1,"minecraft:deepslate_iron_ore":4,"minecraft:rail":29,"minecraft:stone":94,"minecraft:oak_slab":1,"minecraft:waxed_exposed_copper_bulb":1,"minecraft:soul_sand":30,"minecraft:basalt":486,"minecraft:observer":1,"minecraft:crafting_table":8,"minecraft:short_grass":72,"minecraft:rose_bush":2,"minecraft:lectern":90,"minecraft:tall_grass":8,"minecraft:copper_ore":1,"minecraft:polished_blackstone_brick_stairs":1,"minecraft:diorite":5,"minecraft:birch_leaves":1,"minecraft:coal_ore":125,"minecraft:acacia_door":1,"minecraft:gravel":39,"minecraft:acacia_planks":18,"minecraft:oak_button":1,"minecraft:stone_bricks":7,"minecraft:mossy_stone_bricks":4},"minecraft:broken":{"minecraft:stone_pickaxe":1,"minecraft:shield":1,"minecraft:brush":4},"minecraft:custom":{"minecraft:animals_bred":1,"minecraft:interact_with_crafting_table":63,"minecraft:open_barrel":5,"minecraft:bell_ring":44,"minecraft:leave_game":3,"minecraft:time_since_death":51520,"minecraft:damage_resisted":49,"minecraft:sprint_one_cm":928976,"minecraft:damage_blocked_by_shield":5641,"minecraft:drop":130,"minecraft:talked_to_villager":148,"minecraft:play_time":359255,"minecraft:deaths":3,"minecraft:jump":6049,"minecraft:interact_with_brewingstand":7,"minecraft:walk_on_water_one_cm":42887,"minecraft:enchant_item":3,"minecraft:interact_with_furnace":74,"minecraft:traded_with_villager":49,"minecraft:sleep_in_bed":4,"minecraft:damage_dealt":44013,"minecraft:crouch_one_cm":99867,"minecraft:inspect_dispenser":1,"minecraft:interact_with_smithing_table":2,"minecraft:interact_with_anvil":5,"minecraft:mob_kills":245,"minecraft:climb_one_cm":2564,"minecraft:walk_one_cm":739977,"minecraft:sneak_time":27709,"minecraft:walk_under_water_one_cm":21646,"minecraft:boat_one_cm":88445,"minecraft:interact_with_blast_furnace":1,"minecraft:total_world_time":359255,"minecraft:time_since_rest":51540,"minecraft:damage_absorbed":159,"minecraft:damage_taken":7411,"minecraft:swim_one_cm":78066,"minecraft:fly_one_cm":992499,"minecraft:open_chest":194,"minecraft:fall_one_cm":198381},"minecraft:dropped":{"minecraft:acacia_boat":1,"minecraft:decorated_pot":6,"minecraft:weeping_vines":3,"minecraft:leather":1,"minecraft:rail":29,"minecraft:heavy_core":1,"minecraft:emerald":32,"minecraft:dirt":1,"minecraft:dark_oak_log":5,"minecraft:snowball":7,"minecraft:gold_nugget":31,"minecraft:amethyst_shard":2,"minecraft:polished_blackstone_bricks":5,"minecraft:gold_ingot":132,"minecraft:bone":18,"minecraft:gravel":61,"minecraft:blackstone":1,"minecraft:stone_axe":2,"minecraft:nether_brick":2,"minecraft:rotten_flesh":49,"minecraft:cooked_mutton":3,"minecraft:honey_bottle":2,"minecraft:wind_charge":2,"minecraft:poppy":4,"minecraft:tipped_arrow":8,"minecraft:gunpowder":2,"minecraft:breeze_rod":1,"minecraft:quartz":8,"minecraft:water_bucket":1,"minecraft:wheat_seeds":23,"minecraft:iron_helmet":1,"minecraft:cobblestone":13,"minecraft:apple":1,"minecraft:ominous_trial_key":3,"minecraft:golden_apple":12,"minecraft:stick":4,"minecraft:diorite":5,"minecraft:iron_door":1,"minecraft:fire_charge":2,"minecraft:iron_leggings":1,"minecraft:string":7,"minecraft:bucket":1,"minecraft:flow_pottery_sherd":1,"minecraft:stone_sword":1,"minecraft:iron_boots":2,"minecraft:shield":1,"minecraft:iron_chestplate":2,"minecraft:mossy_stone_bricks":1,"minecraft:oak_sapling":1,"minecraft:stone_bricks":2,"minecraft:spider_eye":4,"minecraft:stone_pickaxe":2,"minecraft:brick":8},"minecraft:killed_by":{"minecraft:piglin_brute":1,"minecraft:husk":1,"minecraft:player":1}},"DataVersion":3839}